theme,display_theme,is_generic_theme,primary_category,category_badge_color,total_mentions,avg_sentiment,sentiment_category,trending_score,trend_status,opportunity_score,recommendation,recent_4w_mentions,previous_4w_mentions,momentum_4w,purchase_intent_ratio,quality_mentions,recency_days,theme_explanation,seller_action
accommodation,Accommodation,False,travel,#808080,5,1.0,Very Positive,51.69,RISING,73.18,HIGH PRIORITY - Curate Listings,5.0,0.0,500.0,100.0,5,2,Collectible product or theme,Monitor and curate relevant listings
account sale,Account Sale,False,general,#808080,1,0.0,Neutral,42.35,STEADY,57.94,MONITOR - Emerging Opportunity,1.0,0.0,100.0,100.0,1,9,Collectible product or theme,Monitor and curate relevant listings
acquisition methods,Acquisition Methods,False,basketball,#FF6600,1,0.0,Neutral,42.35,STEADY,57.94,MONITOR - Emerging Opportunity,1.0,0.0,100.0,100.0,1,8,Collectible product or theme,Monitor and curate relevant listings
addiction,Addiction,False,pokemon,#FFCB05,3,-1.0,Very Negative,43.02,STEADY,30.71,LOW PRIORITY - Track for Changes,3.0,0.0,300.0,0.0,3,10,Collectible product or theme,Monitor and curate relevant listings
airline brands,Airline Brands,False,general,#808080,8,0.0,Neutral,52.7,RISING,66.08,HIGH PRIORITY - Curate Listings,8.0,0.0,800.0,100.0,8,2,Collectible product or theme,Monitor and curate relevant listings
app bugs,App Bugs,False,football,#663300,1,-2.0,Very Negative,50.35,RISING,30.14,LOW PRIORITY - Track for Changes,1.0,0.0,100.0,0.0,1,2,Collectible product or theme,Monitor and curate relevant listings
art focus,Art Focus,False,magic_the_gathering,#000000,1,0.0,Neutral,42.35,STEADY,57.94,MONITOR - Emerging Opportunity,1.0,0.0,100.0,100.0,1,10,Collectible product or theme,Monitor and curate relevant listings
artist identification,Artist Identification,False,general,#808080,1,1.0,Very Positive,40.35,STEADY,46.64,MONITOR - Emerging Opportunity,1.0,0.0,100.0,0.0,0,5,Collectible product or theme,Monitor and curate relevant listings
artist recognition,Artist Recognition,False,general,#808080,1,2.0,Very Positive,50.35,RISING,58.14,MONITOR - Emerging Opportunity,1.0,0.0,100.0,0.0,1,6,Collectible product or theme,Monitor and curate relevant listings
artwork,Artwork,False,general,#808080,1,1.0,Very Positive,50.35,RISING,70.64,HIGH PRIORITY - Curate Listings,1.0,0.0,100.0,100.0,1,6,Collectible product or theme,Monitor and curate relevant listings
augmented reality,Augmented Reality,False,basketball,#FF6600,3,1.0,Very Positive,51.02,RISING,52.91,MONITOR - Emerging Opportunity,3.0,0.0,300.0,0.0,3,2,Collectible product or theme,Monitor and curate relevant listings
authentication,Authentication,False,pokemon,#FFCB05,3,0.33,Positive,51.02,RISING,59.24,MONITOR - Emerging Opportunity,3.0,0.0,300.0,66.67,3,5,People verifying card authenticity,Partner with authentication services
authenticity,Authenticity,False,pokemon,#FFCB05,9,-0.67,Very Negative,49.7,STEADY,53.21,MONITOR - Emerging Opportunity,9.0,0.0,900.0,66.67,6,3,Collectible product or theme,Monitor and curate relevant listings
autograph cards,Autograph Cards,False,baseball,#C41E3A,1,-1.0,Very Negative,42.35,STEADY,30.44,LOW PRIORITY - Track for Changes,1.0,0.0,100.0,0.0,1,9,Collectible product or theme,Monitor and curate relevant listings
autograph parallels,Autograph Parallels,False,baseball,#C41E3A,1,1.0,Very Positive,42.35,STEADY,45.44,MONITOR - Emerging Opportunity,1.0,0.0,100.0,0.0,1,8,Collectible product or theme,Monitor and curate relevant listings
autographs,Autographs,False,general,#808080,2,0.5,Very Positive,50.69,RISING,67.02,HIGH PRIORITY - Curate Listings,2.0,0.0,200.0,100.0,2,5,Autographed card discussions,Promote authenticated autograph collections
availability,Availability,False,tcg,#4169E1,14,0.43,Positive,54.71,RISING,68.1,HIGH PRIORITY - Curate Listings,14.0,0.0,1400.0,100.0,14,4,Collectible product or theme,Monitor and curate relevant listings
banning,Banning,False,magic_the_gathering,#000000,7,-0.14,Negative,52.36,RISING,62.87,HIGH PRIORITY - Curate Listings,7.0,0.0,700.0,100.0,7,7,Collectible product or theme,Monitor and curate relevant listings
bargaining,Bargaining,False,gaming,#9932CC,1,-1.0,Very Negative,32.35,STEADY,46.44,MONITOR - Emerging Opportunity,1.0,0.0,100.0,100.0,0,8,Collectible product or theme,Monitor and curate relevant listings
base cards,Base Cards,False,general,#808080,1,0.0,Neutral,32.35,STEADY,53.94,MONITOR - Emerging Opportunity,1.0,0.0,100.0,100.0,0,8,Collectible product or theme,Monitor and curate relevant listings
baseball cards,Baseball Cards,False,baseball,#C41E3A,3,0.0,Neutral,51.02,RISING,45.41,MONITOR - Emerging Opportunity,3.0,0.0,300.0,0.0,3,2,Collectible product or theme,Monitor and curate relevant listings
battery_life,Battery_Life,False,general,#808080,3,-1.0,Very Negative,41.02,STEADY,51.91,MONITOR - Emerging Opportunity,3.0,0.0,300.0,100.0,0,6,Collectible product or theme,Monitor and curate relevant listings
binders,Binders,False,pokemon,#FFCB05,2,2.0,Very Positive,50.69,RISING,58.27,MONITOR - Emerging Opportunity,2.0,0.0,200.0,0.0,2,5,Collectible product or theme,Monitor and curate relevant listings
booster boxes,Booster Boxes,False,tcg,#4169E1,13,0.15,Positive,52.84,RISING,59.14,MONITOR - Emerging Opportunity,13.0,0.0,1300.0,69.23,11,6,Collectible product or theme,Monitor and curate relevant listings
booster packs,Booster Packs,False,tcg,#4169E1,4,0.5,Very Positive,48.86,STEADY,58.29,MONITOR - Emerging Opportunity,4.0,0.0,400.0,50.0,3,3,Collectible product or theme,Monitor and curate relevant listings
box breaks,Box Breaks,False,general,#808080,2,1.0,Very Positive,50.69,RISING,50.77,MONITOR - Emerging Opportunity,2.0,0.0,200.0,0.0,2,6,Collectible product or theme,Monitor and curate relevant listings
brands,Brands,False,general,#808080,9,0.0,Neutral,53.03,RISING,46.21,MONITOR - Emerging Opportunity,9.0,0.0,900.0,0.0,9,2,Collectible product or theme,Monitor and curate relevant listings
breaks,Breaks,False,general,#808080,1,1.0,Very Positive,50.35,RISING,52.64,MONITOR - Emerging Opportunity,1.0,0.0,100.0,0.0,1,3,Collectible product or theme,Monitor and curate relevant listings
bulk sale,Bulk Sale,False,basketball,#FF6600,1,0.0,Neutral,50.35,RISING,65.14,HIGH PRIORITY - Curate Listings,1.0,0.0,100.0,100.0,1,3,Collectible product or theme,Monitor and curate relevant listings
buyer inquiries,Buyer Inquiries,False,pokemon,#FFCB05,3,0.0,Neutral,51.02,RISING,63.41,HIGH PRIORITY - Curate Listings,3.0,0.0,300.0,100.0,3,4,Collectible product or theme,Monitor and curate relevant listings
buying advice,Buying Advice,False,pokemon,#FFCB05,1,0.0,Neutral,50.35,RISING,63.14,HIGH PRIORITY - Curate Listings,1.0,0.0,100.0,100.0,1,6,Collectible product or theme,Monitor and curate relevant listings
buying strategies,Buying Strategies,False,pokemon,#FFCB05,6,0.0,Neutral,52.03,RISING,63.81,HIGH PRIORITY - Curate Listings,6.0,0.0,600.0,100.0,6,5,Collectible product or theme,Monitor and curate relevant listings
buying strategy,Buying Strategy,False,pokemon,#FFCB05,1,0.0,Neutral,50.35,RISING,63.14,HIGH PRIORITY - Curate Listings,1.0,0.0,100.0,100.0,1,7,Collectible product or theme,Monitor and curate relevant listings
camping out,Camping Out,False,gaming,#9932CC,3,-1.0,Very Negative,41.02,STEADY,33.91,LOW PRIORITY - Track for Changes,3.0,0.0,300.0,0.0,0,3,Collectible product or theme,Monitor and curate relevant listings
card anomalies,Card Anomalies,False,pokemon,#FFCB05,1,0.0,Neutral,40.35,STEADY,39.14,LOW PRIORITY - Track for Changes,1.0,0.0,100.0,0.0,0,5,Collectible product or theme,Monitor and curate relevant listings
card art,Card Art,False,pokemon,#FFCB05,1,1.0,Very Positive,40.35,STEADY,46.64,MONITOR - Emerging Opportunity,1.0,0.0,100.0,0.0,0,4,Collectible product or theme,Monitor and curate relevant listings
card balance,Card Balance,False,magic,#808080,2,0.0,Neutral,40.69,STEADY,39.27,LOW PRIORITY - Track for Changes,2.0,0.0,200.0,0.0,0,7,Collectible product or theme,Monitor and curate relevant listings
card collecting,Card Collecting,False,baseball,#C41E3A,5,1.0,Very Positive,51.69,RISING,67.18,HIGH PRIORITY - Curate Listings,5.0,0.0,500.0,80.0,5,6,Collectible product or theme,Monitor and curate relevant listings
card comparison,Card Comparison,False,general,#808080,6,0.0,Neutral,52.03,RISING,52.48,MONITOR - Emerging Opportunity,6.0,0.0,600.0,33.33,6,3,Collectible product or theme,Monitor and curate relevant listings
card condition,Card Condition,False,pokemon,#FFCB05,6,-0.33,Negative,52.03,RISING,54.64,MONITOR - Emerging Opportunity,6.0,0.0,600.0,66.67,6,5,Collectible product or theme,Monitor and curate relevant listings
card damage,Card Damage,False,general,#808080,1,-1.0,Very Negative,50.35,RISING,35.64,LOW PRIORITY - Track for Changes,1.0,0.0,100.0,0.0,1,6,Collectible product or theme,Monitor and curate relevant listings
card design,Card Design,False,magic_the_gathering,#000000,3,1.33,Very Positive,44.35,STEADY,52.74,MONITOR - Emerging Opportunity,3.0,0.0,300.0,0.0,1,3,Collectible product or theme,Monitor and curate relevant listings
card dimensions,Card Dimensions,False,general,#808080,3,0.0,Neutral,51.02,RISING,63.41,HIGH PRIORITY - Curate Listings,3.0,0.0,300.0,100.0,3,7,Collectible product or theme,Monitor and curate relevant listings
card discussion,Card Discussion,False,magic,#808080,2,0.0,Neutral,40.69,STEADY,39.27,LOW PRIORITY - Track for Changes,2.0,0.0,200.0,0.0,0,7,Collectible product or theme,Monitor and curate relevant listings
card evolution,Card Evolution,False,basketball,#FF6600,1,0.0,Neutral,42.35,STEADY,57.94,MONITOR - Emerging Opportunity,1.0,0.0,100.0,100.0,1,8,Collectible product or theme,Monitor and curate relevant listings
card identification,Card Identification,False,pokemon,#FFCB05,2,0.5,Very Positive,45.69,STEADY,55.02,MONITOR - Emerging Opportunity,2.0,0.0,200.0,50.0,1,5,Collectible product or theme,Monitor and curate relevant listings
card interactions,Card Interactions,False,magic_the_gathering,#000000,8,0.0,Neutral,48.95,STEADY,42.58,MONITOR - Emerging Opportunity,8.0,0.0,800.0,0.0,5,5,Collectible product or theme,Monitor and curate relevant listings
card performance,Card Performance,False,gaming,#9932CC,2,0.0,Neutral,50.69,RISING,45.27,MONITOR - Emerging Opportunity,2.0,0.0,200.0,0.0,2,3,Collectible product or theme,Monitor and curate relevant listings
card protection,Card Protection,False,pokemon,#FFCB05,11,1.0,Very Positive,53.71,RISING,68.53,HIGH PRIORITY - Curate Listings,11.0,0.0,1100.0,72.73,11,2,Collectible product or theme,Monitor and curate relevant listings
card pulls,Card Pulls,False,pokemon,#FFCB05,2,1.0,Very Positive,50.69,RISING,52.77,MONITOR - Emerging Opportunity,2.0,0.0,200.0,0.0,2,3,Collectible product or theme,Monitor and curate relevant listings
card quality,Card Quality,False,pokemon,#FFCB05,2,-1.0,Very Negative,50.69,RISING,35.77,LOW PRIORITY - Track for Changes,2.0,0.0,200.0,0.0,2,5,Collectible product or theme,Monitor and curate relevant listings
card rarity,Card Rarity,False,baseball,#C41E3A,1,-1.0,Very Negative,42.35,STEADY,30.44,LOW PRIORITY - Track for Changes,1.0,0.0,100.0,0.0,1,9,Collectible product or theme,Monitor and curate relevant listings
card recognition,Card Recognition,False,football,#663300,1,-2.0,Very Negative,50.35,RISING,30.14,LOW PRIORITY - Track for Changes,1.0,0.0,100.0,0.0,1,2,Collectible product or theme,Monitor and curate relevant listings
card recommendations,Card Recommendations,False,general,#808080,9,0.0,Neutral,53.03,RISING,64.21,HIGH PRIORITY - Curate Listings,9.0,0.0,900.0,100.0,9,6,Collectible product or theme,Monitor and curate relevant listings
card sets,Card Sets,False,general,#808080,8,0.0,Neutral,52.7,RISING,46.08,MONITOR - Emerging Opportunity,8.0,0.0,800.0,0.0,8,2,Collectible product or theme,Monitor and curate relevant listings
card sleeves,Card Sleeves,False,general,#808080,1,1.0,Very Positive,40.35,STEADY,46.64,MONITOR - Emerging Opportunity,1.0,0.0,100.0,0.0,0,5,Collectible product or theme,Monitor and curate relevant listings
card trading,Card Trading,False,pokemon,#FFCB05,3,0.0,Neutral,51.02,RISING,63.41,HIGH PRIORITY - Curate Listings,3.0,0.0,300.0,100.0,3,4,Collectible product or theme,Monitor and curate relevant listings
card types,Card Types,False,pokemon,#FFCB05,1,1.0,Very Positive,50.35,RISING,50.64,MONITOR - Emerging Opportunity,1.0,0.0,100.0,0.0,1,4,Collectible product or theme,Monitor and curate relevant listings
card usage strategy,Card Usage Strategy,False,general,#808080,1,0.0,Neutral,50.35,RISING,63.14,HIGH PRIORITY - Curate Listings,1.0,0.0,100.0,100.0,1,6,Collectible product or theme,Monitor and curate relevant listings
card valuation,Card Valuation,False,general,#808080,1,1.0,Very Positive,50.35,RISING,72.64,HIGH PRIORITY - Curate Listings,1.0,0.0,100.0,100.0,1,2,Collectible product or theme,Monitor and curate relevant listings
card value,Card Value,False,baseball,#C41E3A,3,0.67,Very Positive,43.02,STEADY,43.21,MONITOR - Emerging Opportunity,3.0,0.0,300.0,0.0,3,8,Collectible product or theme,Monitor and curate relevant listings
card variations,Card Variations,False,pokemon,#FFCB05,6,0.0,Neutral,44.03,STEADY,58.61,MONITOR - Emerging Opportunity,6.0,0.0,600.0,100.0,6,8,Collectible product or theme,Monitor and curate relevant listings
card_condition,Card_Condition,False,pokemon,#FFCB05,1,1.0,Very Positive,50.35,RISING,70.64,HIGH PRIORITY - Curate Listings,1.0,0.0,100.0,100.0,1,7,Collectible product or theme,Monitor and curate relevant listings
card_value,Card_Value,False,baseball,#C41E3A,1,0.0,Neutral,42.35,STEADY,37.94,LOW PRIORITY - Track for Changes,1.0,0.0,100.0,0.0,1,9,Collectible product or theme,Monitor and curate relevant listings
case configuration,Case Configuration,False,general,#808080,2,0.0,Neutral,32.69,STEADY,34.07,LOW PRIORITY - Track for Changes,2.0,0.0,200.0,0.0,0,8,Collectible product or theme,Monitor and curate relevant listings
cash back,Cash Back,False,general,#808080,2,0.0,Neutral,50.69,RISING,65.27,HIGH PRIORITY - Curate Listings,2.0,0.0,200.0,100.0,2,3,Collectible product or theme,Monitor and curate relevant listings
celebration,Celebration,False,baseball,#C41E3A,1,2.0,Very Positive,42.35,STEADY,72.94,HIGH PRIORITY - Curate Listings,1.0,0.0,100.0,100.0,1,9,Collectible product or theme,Monitor and curate relevant listings
celebrity cards,Celebrity Cards,False,baseball,#C41E3A,4,1.0,Very Positive,51.36,RISING,53.04,MONITOR - Emerging Opportunity,4.0,0.0,400.0,0.0,4,2,Collectible product or theme,Monitor and curate relevant listings
celebrity endorsements,Celebrity Endorsements,False,basketball,#FF6600,3,1.0,Very Positive,51.02,RISING,52.91,MONITOR - Emerging Opportunity,3.0,0.0,300.0,0.0,3,2,Collectible product or theme,Monitor and curate relevant listings
censorship,Censorship,False,pokemon,#FFCB05,6,0.0,Neutral,44.03,STEADY,58.61,MONITOR - Emerging Opportunity,6.0,0.0,600.0,100.0,6,8,Collectible product or theme,Monitor and curate relevant listings
character cards,Character Cards,False,pokemon,#FFCB05,1,0.0,Neutral,50.35,RISING,43.14,MONITOR - Emerging Opportunity,1.0,0.0,100.0,0.0,1,6,Collectible product or theme,Monitor and curate relevant listings
charizard,Charizard,False,pokemon,#FFCB05,1,1.0,Very Positive,40.35,STEADY,66.64,HIGH PRIORITY - Curate Listings,1.0,0.0,100.0,100.0,0,4,Collectible product or theme,Monitor and curate relevant listings
chase offers,Chase Offers,False,general,#808080,2,0.0,Neutral,50.69,RISING,65.27,HIGH PRIORITY - Curate Listings,2.0,0.0,200.0,100.0,2,3,Collectible product or theme,Monitor and curate relevant listings
checklists,Football - Checklists & Set Completion,True,football,#663300,30,0.0,Neutral,56.41,RISING,47.56,MONITOR - Emerging Opportunity,20.0,0.0,2000.0,0.0,25,2,Collectible product or theme,Monitor and curate relevant listings
childhood collection,Childhood Collection,False,pokemon,#FFCB05,2,2.0,Very Positive,50.69,RISING,58.27,MONITOR - Emerging Opportunity,2.0,0.0,200.0,0.0,2,5,Collectible product or theme,Monitor and curate relevant listings
children's interests,Children'S Interests,False,tcg,#4169E1,1,1.0,Very Positive,50.35,RISING,52.64,MONITOR - Emerging Opportunity,1.0,0.0,100.0,0.0,1,3,Collectible product or theme,Monitor and curate relevant listings
coin buying,Coin Buying,False,soccer,#00AA00,1,0.0,Neutral,42.35,STEADY,57.94,MONITOR - Emerging Opportunity,1.0,0.0,100.0,100.0,1,10,Collectible product or theme,Monitor and curate relevant listings
collectibility,Collectibility,False,general,#808080,1,0.0,Neutral,50.35,RISING,63.14,HIGH PRIORITY - Curate Listings,1.0,0.0,100.0,100.0,1,5,Collectible product or theme,Monitor and curate relevant listings
collectible card sets,Collectible Card Sets,False,basketball,#FF6600,5,0.0,Neutral,51.69,RISING,45.68,MONITOR - Emerging Opportunity,5.0,0.0,500.0,0.0,5,2,Collectible product or theme,Monitor and curate relevant listings
collectible cards,Collectible Cards,False,pokemon,#FFCB05,30,-0.1,Neutral,59.08,RISING,47.88,MONITOR - Emerging Opportunity,30.0,0.0,3000.0,0.0,27,2,Collectible product or theme,Monitor and curate relevant listings
collectibles,Pokemon - Collectibles General,True,trading_card,#808080,28,0.0,Neutral,56.19,RISING,52.48,MONITOR - Emerging Opportunity,28.0,0.0,2800.0,25.0,19,2,Collectible product or theme,Monitor and curate relevant listings
collecting,General - Collection Building,True,pokemon,#FFCB05,117,0.58,Very Positive,87.81,HOT,74.06,HIGH PRIORITY - Curate Listings,117.0,0.0,11700.0,47.86,100,2,People building and organizing collections,"Promote starter sets, binders, organizers"
collecting advice,Collecting Advice,False,tcg,#4169E1,8,0.0,Neutral,52.7,RISING,56.08,MONITOR - Emerging Opportunity,8.0,0.0,800.0,50.0,8,2,Collectible product or theme,Monitor and curate relevant listings
collecting experience,Collecting Experience,False,general,#808080,8,0.0,Neutral,44.7,STEADY,38.88,LOW PRIORITY - Track for Changes,8.0,0.0,800.0,0.0,8,9,Collectible product or theme,Monitor and curate relevant listings
collecting preferences,Collecting Preferences,False,general,#808080,7,0.0,Neutral,52.36,RISING,63.95,HIGH PRIORITY - Curate Listings,7.0,0.0,700.0,100.0,7,4,Collectible product or theme,Monitor and curate relevant listings
collecting strategy,Collecting Strategy,False,magic_the_gathering,#000000,1,0.0,Neutral,42.35,STEADY,57.94,MONITOR - Emerging Opportunity,1.0,0.0,100.0,100.0,1,10,Collectible product or theme,Monitor and curate relevant listings
collecting tips,Collecting Tips,False,pokemon,#FFCB05,2,1.0,Very Positive,50.69,RISING,50.77,MONITOR - Emerging Opportunity,2.0,0.0,200.0,0.0,2,4,Collectible product or theme,Monitor and curate relevant listings
collection,Collection,False,pokemon,#FFCB05,1,0.0,Neutral,50.35,RISING,43.14,MONITOR - Emerging Opportunity,1.0,0.0,100.0,0.0,1,6,Collectible product or theme,Monitor and curate relevant listings
collector excitement,Collector Excitement,False,general,#808080,1,1.0,Very Positive,32.35,STEADY,41.44,MONITOR - Emerging Opportunity,1.0,0.0,100.0,0.0,0,10,Collectible product or theme,Monitor and curate relevant listings
collector experience,Collector Experience,False,pokemon,#FFCB05,1,1.0,Very Positive,40.35,STEADY,46.64,MONITOR - Emerging Opportunity,1.0,0.0,100.0,0.0,0,4,Collectible product or theme,Monitor and curate relevant listings
collector opinions,Collector Opinions,False,baseball,#C41E3A,1,1.0,Very Positive,42.35,STEADY,45.44,MONITOR - Emerging Opportunity,1.0,0.0,100.0,0.0,1,8,Collectible product or theme,Monitor and curate relevant listings
collector preferences,Collector Preferences,False,general,#808080,2,0.0,Neutral,50.69,RISING,63.27,HIGH PRIORITY - Curate Listings,2.0,0.0,200.0,100.0,2,4,Collectible product or theme,Monitor and curate relevant listings
collector_knowledge,Collector_Knowledge,False,pokemon,#FFCB05,1,1.0,Very Positive,42.35,STEADY,45.44,MONITOR - Emerging Opportunity,1.0,0.0,100.0,0.0,1,10,Collectible product or theme,Monitor and curate relevant listings
commander selection,Commander Selection,False,magic_the_gathering,#000000,2,1.0,Very Positive,40.69,STEADY,66.77,HIGH PRIORITY - Curate Listings,2.0,0.0,200.0,100.0,0,5,Collectible product or theme,Monitor and curate relevant listings
community,Community,False,pokemon,#FFCB05,4,0.5,Very Positive,46.36,STEADY,55.29,MONITOR - Emerging Opportunity,4.0,0.0,400.0,50.0,2,6,Collectible product or theme,Monitor and curate relevant listings
community discussion,Community Discussion,False,general,#808080,4,1.0,Very Positive,43.36,STEADY,45.84,MONITOR - Emerging Opportunity,4.0,0.0,400.0,0.0,4,9,Collectible product or theme,Monitor and curate relevant listings
community engagement,Community Engagement,False,pokemon,#FFCB05,10,1.0,Very Positive,36.57,STEADY,43.13,MONITOR - Emerging Opportunity,7.0,3.0,100.0,0.0,3,10,Collectible product or theme,Monitor and curate relevant listings
community events,Community Events,False,tcg,#4169E1,2,0.0,Neutral,50.69,RISING,43.27,MONITOR - Emerging Opportunity,2.0,0.0,200.0,0.0,2,5,Collectible product or theme,Monitor and curate relevant listings
community experience,Community Experience,False,pokemon,#FFCB05,7,1.0,Very Positive,52.36,RISING,73.45,HIGH PRIORITY - Curate Listings,7.0,0.0,700.0,100.0,7,3,Collectible product or theme,Monitor and curate relevant listings
community experiences,Community Experiences,False,tcg,#4169E1,4,1.0,Very Positive,51.36,RISING,51.04,MONITOR - Emerging Opportunity,4.0,0.0,400.0,0.0,4,5,Collectible product or theme,Monitor and curate relevant listings
community help,Community Help,False,pokemon,#FFCB05,1,1.0,Very Positive,50.35,RISING,70.64,HIGH PRIORITY - Curate Listings,1.0,0.0,100.0,100.0,1,5,Collectible product or theme,Monitor and curate relevant listings
community reactions,Community Reactions,False,pokemon,#FFCB05,1,0.0,Neutral,40.35,STEADY,39.14,LOW PRIORITY - Track for Changes,1.0,0.0,100.0,0.0,0,4,Collectible product or theme,Monitor and curate relevant listings
community support,Community Support,False,pokemon,#FFCB05,2,1.0,Very Positive,45.69,STEADY,58.77,MONITOR - Emerging Opportunity,2.0,0.0,200.0,50.0,1,4,Collectible product or theme,Monitor and curate relevant listings
company innovations,Company Innovations,False,basketball,#FF6600,2,1.0,Very Positive,50.69,RISING,52.77,MONITOR - Emerging Opportunity,2.0,0.0,200.0,0.0,2,2,Collectible product or theme,Monitor and curate relevant listings
comparison to pokemon,Comparison To Pokemon,False,tcg,#4169E1,6,1.0,Very Positive,52.03,RISING,71.31,HIGH PRIORITY - Curate Listings,6.0,0.0,600.0,100.0,6,4,Collectible product or theme,Monitor and curate relevant listings
computer components,Computer Components,False,general,#808080,2,0.0,Neutral,40.69,STEADY,59.27,MONITOR - Emerging Opportunity,2.0,0.0,200.0,100.0,0,5,Collectible product or theme,Monitor and curate relevant listings
condition,Condition,False,pokemon,#FFCB05,8,-0.38,Negative,48.95,STEADY,57.27,MONITOR - Emerging Opportunity,8.0,0.0,800.0,87.5,5,4,Collectible product or theme,Monitor and curate relevant listings
consumer behavior,Consumer Behavior,False,pokemon,#FFCB05,3,-1.0,Very Negative,43.02,STEADY,30.71,LOW PRIORITY - Track for Changes,3.0,0.0,300.0,0.0,3,10,Collectible product or theme,Monitor and curate relevant listings
content unlocking,Content Unlocking,False,motorsport,#FF1493,3,-1.0,Very Negative,51.02,RISING,35.91,LOW PRIORITY - Track for Changes,3.0,0.0,300.0,0.0,3,7,Collectible product or theme,Monitor and curate relevant listings
conversion policy,Conversion Policy,False,general,#808080,2,0.0,Neutral,40.69,STEADY,59.27,MONITOR - Emerging Opportunity,2.0,0.0,200.0,100.0,0,5,Collectible product or theme,Monitor and curate relevant listings
corporate partnerships,Corporate Partnerships,False,basketball,#FF6600,3,1.0,Very Positive,51.02,RISING,52.91,MONITOR - Emerging Opportunity,3.0,0.0,300.0,0.0,3,2,Collectible product or theme,Monitor and curate relevant listings
corrections,Corrections,False,pokemon,#FFCB05,6,0.0,Neutral,42.03,STEADY,39.81,LOW PRIORITY - Track for Changes,6.0,0.0,600.0,0.0,0,7,Collectible product or theme,Monitor and curate relevant listings
counterfeit detection,Counterfeit Detection,False,pokemon,#FFCB05,3,-1.0,Very Negative,51.02,RISING,44.58,MONITOR - Emerging Opportunity,3.0,0.0,300.0,33.33,3,3,Collectible product or theme,Monitor and curate relevant listings
creative ideas,Creative Ideas,False,magic_the_gathering,#000000,2,1.0,Very Positive,40.69,STEADY,66.77,HIGH PRIORITY - Curate Listings,2.0,0.0,200.0,100.0,0,5,Collectible product or theme,Monitor and curate relevant listings
credit cards,Credit Cards,False,general,#808080,12,0.0,Neutral,53.21,RISING,66.28,HIGH PRIORITY - Curate Listings,12.0,0.0,1200.0,100.0,11,3,Collectible product or theme,Monitor and curate relevant listings
custom alters,Custom Alters,False,magic_the_gathering,#000000,2,1.0,Very Positive,40.69,STEADY,66.77,HIGH PRIORITY - Curate Listings,2.0,0.0,200.0,100.0,0,5,Collectible product or theme,Monitor and curate relevant listings
custom cards,Custom Cards,False,magic,#808080,5,0.8,Very Positive,43.69,STEADY,52.48,MONITOR - Emerging Opportunity,5.0,0.0,500.0,20.0,1,3,Collectible product or theme,Monitor and curate relevant listings
custom_products,Custom_Products,False,general,#808080,1,1.0,Very Positive,40.35,STEADY,66.64,HIGH PRIORITY - Curate Listings,1.0,0.0,100.0,100.0,0,6,Collectible product or theme,Monitor and curate relevant listings
customer service,Customer Service,False,baseball,#C41E3A,6,-0.5,Negative,52.03,RISING,48.73,MONITOR - Emerging Opportunity,6.0,0.0,600.0,33.33,6,2,Collectible product or theme,Monitor and curate relevant listings
customization,Customization,False,general,#808080,3,1.0,Very Positive,51.02,RISING,70.91,HIGH PRIORITY - Curate Listings,3.0,0.0,300.0,100.0,3,7,Collectible product or theme,Monitor and curate relevant listings
deals,Deals,False,general,#808080,1,1.0,Very Positive,42.35,STEADY,65.44,HIGH PRIORITY - Curate Listings,1.0,0.0,100.0,100.0,1,8,Collectible product or theme,Monitor and curate relevant listings
deck building,Deck Building,False,general,#808080,1,0.0,Neutral,40.35,STEADY,59.14,MONITOR - Emerging Opportunity,1.0,0.0,100.0,100.0,0,4,Collectible product or theme,Monitor and curate relevant listings
deck strategy,Deck Strategy,False,general,#808080,4,0.0,Neutral,43.36,STEADY,38.34,LOW PRIORITY - Track for Changes,4.0,0.0,400.0,0.0,4,8,Collectible product or theme,Monitor and curate relevant listings
denominations,Denominations,False,general,#808080,8,0.0,Neutral,52.7,RISING,66.08,HIGH PRIORITY - Curate Listings,8.0,0.0,800.0,100.0,8,2,Collectible product or theme,Monitor and curate relevant listings
digital cards,Digital Cards,False,basketball,#FF6600,3,1.0,Very Positive,51.02,RISING,52.91,MONITOR - Emerging Opportunity,3.0,0.0,300.0,0.0,3,2,Collectible product or theme,Monitor and curate relevant listings
digital goods,Digital Goods,False,general,#808080,1,0.0,Neutral,42.35,STEADY,57.94,MONITOR - Emerging Opportunity,1.0,0.0,100.0,100.0,1,9,Collectible product or theme,Monitor and curate relevant listings
digital rewards,Digital Rewards,False,general,#808080,8,0.0,Neutral,52.7,RISING,66.08,HIGH PRIORITY - Curate Listings,8.0,0.0,800.0,100.0,8,2,Collectible product or theme,Monitor and curate relevant listings
digital skins,Digital Skins,False,general,#808080,2,-1.0,Very Negative,40.69,STEADY,51.77,MONITOR - Emerging Opportunity,2.0,0.0,200.0,100.0,0,6,Collectible product or theme,Monitor and curate relevant listings
disclaimer,Disclaimer,False,general,#808080,9,0.0,Neutral,53.03,RISING,46.21,MONITOR - Emerging Opportunity,9.0,0.0,900.0,0.0,9,2,Collectible product or theme,Monitor and curate relevant listings
discounts,Discounts,False,general,#808080,1,0.0,Neutral,50.35,RISING,63.14,HIGH PRIORITY - Curate Listings,1.0,0.0,100.0,100.0,1,6,Collectible product or theme,Monitor and curate relevant listings
ebay policy,Ebay Policy,False,general,#808080,1,-1.0,Very Negative,50.35,RISING,35.64,LOW PRIORITY - Track for Changes,1.0,0.0,100.0,0.0,1,6,Collectible product or theme,Monitor and curate relevant listings
edc,Edc,False,tcg,#4169E1,4,0.0,Neutral,41.36,STEADY,41.54,MONITOR - Emerging Opportunity,4.0,0.0,400.0,0.0,0,3,Collectible product or theme,Monitor and curate relevant listings
eligibility,Eligibility,False,general,#808080,10,0.0,Neutral,52.37,RISING,63.95,HIGH PRIORITY - Curate Listings,10.0,0.0,1000.0,100.0,9,4,Collectible product or theme,Monitor and curate relevant listings
english version,English Version,False,pokemon,#FFCB05,1,1.0,Very Positive,50.35,RISING,70.64,HIGH PRIORITY - Curate Listings,1.0,0.0,100.0,100.0,1,5,Collectible product or theme,Monitor and curate relevant listings
entertainment,Entertainment,False,pokemon,#FFCB05,7,0.0,Neutral,52.36,RISING,45.95,MONITOR - Emerging Opportunity,7.0,0.0,700.0,0.0,7,2,Collectible product or theme,Monitor and curate relevant listings
era classification,Era Classification,False,pokemon,#FFCB05,6,0.0,Neutral,42.03,STEADY,39.81,LOW PRIORITY - Track for Changes,6.0,0.0,600.0,0.0,0,5,Collectible product or theme,Monitor and curate relevant listings
event prizing,Event Prizing,False,tcg,#4169E1,3,0.0,Neutral,43.02,STEADY,38.21,LOW PRIORITY - Track for Changes,3.0,0.0,300.0,0.0,3,8,Collectible product or theme,Monitor and curate relevant listings
ex cards,Ex Cards,False,pokemon,#FFCB05,2,2.0,Very Positive,50.69,RISING,58.27,MONITOR - Emerging Opportunity,2.0,0.0,200.0,0.0,2,5,Collectible product or theme,Monitor and curate relevant listings
exile zone,Exile Zone,False,magic_the_gathering,#000000,5,0.0,Neutral,51.69,RISING,43.68,MONITOR - Emerging Opportunity,5.0,0.0,500.0,0.0,5,5,Collectible product or theme,Monitor and curate relevant listings
experiences,Experiences,False,general,#808080,1,1.0,Very Positive,40.35,STEADY,66.64,HIGH PRIORITY - Curate Listings,1.0,0.0,100.0,100.0,0,6,Collectible product or theme,Monitor and curate relevant listings
fake cards,Fake Cards,False,pokemon,#FFCB05,1,0.0,Neutral,40.35,STEADY,39.14,LOW PRIORITY - Track for Changes,1.0,0.0,100.0,0.0,0,7,Collectible product or theme,Monitor and curate relevant listings
fakes,Fakes,False,pokemon,#FFCB05,2,0.0,Neutral,40.69,STEADY,39.27,LOW PRIORITY - Track for Changes,2.0,0.0,200.0,0.0,0,6,Collectible product or theme,Monitor and curate relevant listings
family transactions,Family Transactions,False,pokemon,#FFCB05,3,-1.0,Very Negative,33.02,STEADY,46.71,MONITOR - Emerging Opportunity,3.0,0.0,300.0,100.0,0,8,Collectible product or theme,Monitor and curate relevant listings
fan merchandise,Fan Merchandise,False,baseball,#C41E3A,1,2.0,Very Positive,42.35,STEADY,72.94,HIGH PRIORITY - Curate Listings,1.0,0.0,100.0,100.0,1,9,Collectible product or theme,Monitor and curate relevant listings
feature updates,Feature Updates,False,football,#663300,1,-2.0,Very Negative,50.35,RISING,30.14,LOW PRIORITY - Track for Changes,1.0,0.0,100.0,0.0,1,2,Collectible product or theme,Monitor and curate relevant listings
feedback,Feedback,False,magic_the_gathering,#000000,2,1.0,Very Positive,40.69,STEADY,48.77,MONITOR - Emerging Opportunity,2.0,0.0,200.0,0.0,0,3,Collectible product or theme,Monitor and curate relevant listings
financial priorities,Financial Priorities,False,general,#808080,1,0.0,Neutral,42.35,STEADY,57.94,MONITOR - Emerging Opportunity,1.0,0.0,100.0,100.0,1,10,Collectible product or theme,Monitor and curate relevant listings
financial struggles,Financial Struggles,False,pokemon,#FFCB05,3,-1.0,Very Negative,43.02,STEADY,30.71,LOW PRIORITY - Track for Changes,3.0,0.0,300.0,0.0,3,10,Collectible product or theme,Monitor and curate relevant listings
first card,First Card,False,pokemon,#FFCB05,1,0.0,Neutral,40.35,STEADY,39.14,LOW PRIORITY - Track for Changes,1.0,0.0,100.0,0.0,0,4,Collectible product or theme,Monitor and curate relevant listings
first edition,First Edition,False,pokemon,#FFCB05,5,1.0,Very Positive,51.69,RISING,71.18,HIGH PRIORITY - Curate Listings,5.0,0.0,500.0,100.0,5,6,Collectible product or theme,Monitor and curate relevant listings
formats,Formats,False,magic_the_gathering,#000000,6,0.0,Neutral,52.03,RISING,63.81,HIGH PRIORITY - Curate Listings,6.0,0.0,600.0,100.0,6,7,Collectible product or theme,Monitor and curate relevant listings
franchise merchandise,Franchise Merchandise,False,general,#808080,4,0.0,Neutral,51.36,RISING,45.54,MONITOR - Emerging Opportunity,4.0,0.0,400.0,0.0,4,2,Collectible product or theme,Monitor and curate relevant listings
frustration,Frustration,False,baseball,#C41E3A,1,-1.0,Very Negative,42.35,STEADY,30.44,LOW PRIORITY - Track for Changes,1.0,0.0,100.0,0.0,1,9,Collectible product or theme,Monitor and curate relevant listings
fusion strike,Fusion Strike,False,pokemon,#FFCB05,1,0.0,Neutral,50.35,RISING,65.14,HIGH PRIORITY - Curate Listings,1.0,0.0,100.0,100.0,1,3,Collectible product or theme,Monitor and curate relevant listings
gambling,Gambling,False,pokemon,#FFCB05,3,-1.0,Very Negative,43.02,STEADY,30.71,LOW PRIORITY - Track for Changes,3.0,0.0,300.0,0.0,3,10,Collectible product or theme,Monitor and curate relevant listings
game mechanics,Game Mechanics,False,magic_the_gathering,#000000,12,0.17,Positive,49.87,STEADY,46.2,MONITOR - Emerging Opportunity,12.0,0.0,1200.0,0.0,7,3,Collectible product or theme,Monitor and curate relevant listings
game update,Game Update,False,motorsport,#FF1493,4,-0.75,Very Negative,51.36,RISING,42.92,MONITOR - Emerging Opportunity,4.0,0.0,400.0,25.0,4,6,Collectible product or theme,Monitor and curate relevant listings
gameplay attributes,Gameplay Attributes,False,basketball,#FF6600,1,0.0,Neutral,42.35,STEADY,57.94,MONITOR - Emerging Opportunity,1.0,0.0,100.0,100.0,1,8,Collectible product or theme,Monitor and curate relevant listings
gameplay impact,Gameplay Impact,False,magic_the_gathering,#000000,6,0.0,Neutral,52.03,RISING,63.81,HIGH PRIORITY - Curate Listings,6.0,0.0,600.0,100.0,6,7,Collectible product or theme,Monitor and curate relevant listings
gameplay tips,Gameplay Tips,False,general,#808080,4,0.0,Neutral,43.36,STEADY,38.34,LOW PRIORITY - Track for Changes,4.0,0.0,400.0,0.0,4,8,Collectible product or theme,Monitor and curate relevant listings
games,Games,False,sports,#808080,4,1.0,Very Positive,51.36,RISING,73.04,HIGH PRIORITY - Curate Listings,4.0,0.0,400.0,100.0,4,2,Collectible product or theme,Monitor and curate relevant listings
gaming,Gaming,False,tcg,#4169E1,10,0.1,Positive,44.37,STEADY,43.5,MONITOR - Emerging Opportunity,10.0,0.0,1000.0,10.0,1,6,Collectible product or theme,Monitor and curate relevant listings
gaming devices,Gaming Devices,False,tcg,#4169E1,4,0.0,Neutral,41.36,STEADY,41.54,MONITOR - Emerging Opportunity,4.0,0.0,400.0,0.0,0,3,Collectible product or theme,Monitor and curate relevant listings
gaming items,Gaming Items,False,general,#808080,1,0.0,Neutral,42.35,STEADY,57.94,MONITOR - Emerging Opportunity,1.0,0.0,100.0,100.0,1,9,Collectible product or theme,Monitor and curate relevant listings
gaming releases,Gaming Releases,False,gaming,#9932CC,3,-1.0,Very Negative,41.02,STEADY,33.91,LOW PRIORITY - Track for Changes,3.0,0.0,300.0,0.0,0,3,Collectible product or theme,Monitor and curate relevant listings
gardening,Gardening,False,sports,#808080,2,1.0,Very Positive,50.69,RISING,72.77,HIGH PRIORITY - Curate Listings,2.0,0.0,200.0,100.0,2,2,Collectible product or theme,Monitor and curate relevant listings
gift cards,Gift Cards,False,travel,#808080,45,0.11,Positive,65.11,RISING,65.21,HIGH PRIORITY - Curate Listings,45.0,0.0,4500.0,66.67,45,2,People buying or discussing gift cards,Promote seasonal gift card bundles
gift giving,Gift Giving,False,soccer,#00AA00,7,1.0,Very Positive,52.36,RISING,51.45,MONITOR - Emerging Opportunity,7.0,0.0,700.0,0.0,7,5,Collectible product or theme,Monitor and curate relevant listings
gift ideas,Gift Ideas,False,baseball,#C41E3A,6,1.0,Very Positive,44.03,STEADY,66.11,HIGH PRIORITY - Curate Listings,6.0,0.0,600.0,100.0,6,8,Collectible product or theme,Monitor and curate relevant listings
gift_ideas,Gift_Ideas,False,general,#808080,1,1.0,Very Positive,40.35,STEADY,66.64,HIGH PRIORITY - Curate Listings,1.0,0.0,100.0,100.0,0,6,Collectible product or theme,Monitor and curate relevant listings
global expansion,Global Expansion,False,basketball,#FF6600,3,1.0,Very Positive,51.02,RISING,52.91,MONITOR - Emerging Opportunity,3.0,0.0,300.0,0.0,3,2,Collectible product or theme,Monitor and curate relevant listings
grading,Baseball - Card Grading Questions,True,pokemon,#FFCB05,70,0.74,Very Positive,72.64,HOT,72.48,HIGH PRIORITY - Curate Listings,70.0,0.0,7000.0,64.29,64,2,People asking about PSA/BGS grading services,"Partner with PSA/BGS, offer grading discounts"
grading companies,Grading Companies,False,general,#808080,7,1.0,Very Positive,52.36,RISING,71.45,HIGH PRIORITY - Curate Listings,7.0,0.0,700.0,100.0,7,6,Collectible product or theme,Monitor and curate relevant listings
grading_companies,Grading_Companies,False,pokemon,#FFCB05,1,1.0,Very Positive,50.35,RISING,70.64,HIGH PRIORITY - Curate Listings,1.0,0.0,100.0,100.0,1,7,Collectible product or theme,Monitor and curate relevant listings
guessing game,Guessing Game,False,pokemon,#FFCB05,7,1.0,Very Positive,34.36,STEADY,42.25,MONITOR - Emerging Opportunity,7.0,0.0,700.0,0.0,0,10,Collectible product or theme,Monitor and curate relevant listings
handling,Handling,False,general,#808080,1,0.0,Neutral,40.35,STEADY,59.14,MONITOR - Emerging Opportunity,1.0,0.0,100.0,100.0,0,4,Collectible product or theme,Monitor and curate relevant listings
handling advice,Handling Advice,False,pokemon,#FFCB05,5,1.0,Very Positive,51.69,RISING,71.18,HIGH PRIORITY - Curate Listings,5.0,0.0,500.0,100.0,5,6,Collectible product or theme,Monitor and curate relevant listings
hardware sale,Hardware Sale,False,general,#808080,2,0.0,Neutral,40.69,STEADY,59.27,MONITOR - Emerging Opportunity,2.0,0.0,200.0,100.0,0,5,Collectible product or theme,Monitor and curate relevant listings
high-value sales,High-Value Sales,False,pokemon,#FFCB05,4,1.0,Very Positive,51.36,RISING,51.04,MONITOR - Emerging Opportunity,4.0,0.0,400.0,0.0,4,7,Collectible product or theme,Monitor and curate relevant listings
historical value,Historical Value,False,baseball,#C41E3A,4,1.0,Very Positive,51.36,RISING,73.04,HIGH PRIORITY - Curate Listings,4.0,0.0,400.0,100.0,4,2,Collectible product or theme,Monitor and curate relevant listings
hoarding,Hoarding,False,general,#808080,2,-1.0,Very Negative,40.69,STEADY,51.77,MONITOR - Emerging Opportunity,2.0,0.0,200.0,100.0,0,6,Collectible product or theme,Monitor and curate relevant listings
hobby culture,Hobby Culture,False,gaming,#9932CC,3,-1.0,Very Negative,41.02,STEADY,33.91,LOW PRIORITY - Track for Changes,3.0,0.0,300.0,0.0,0,3,Collectible product or theme,Monitor and curate relevant listings
holographic stickers,Holographic Stickers,False,general,#808080,3,1.0,Very Positive,51.02,RISING,70.91,HIGH PRIORITY - Curate Listings,3.0,0.0,300.0,100.0,3,7,Collectible product or theme,Monitor and curate relevant listings
home improvement,Home Improvement,False,sports,#808080,2,1.0,Very Positive,50.69,RISING,72.77,HIGH PRIORITY - Curate Listings,2.0,0.0,200.0,100.0,2,2,Collectible product or theme,Monitor and curate relevant listings
humor,Humor,False,pokemon,#FFCB05,1,0.0,Neutral,40.35,STEADY,39.14,LOW PRIORITY - Track for Changes,1.0,0.0,100.0,0.0,0,7,Collectible product or theme,Monitor and curate relevant listings
identification,Identification,False,pokemon,#FFCB05,1,0.0,Neutral,42.35,STEADY,57.94,MONITOR - Emerging Opportunity,1.0,0.0,100.0,100.0,1,10,Collectible product or theme,Monitor and curate relevant listings
illustration quality,Illustration Quality,False,pokemon,#FFCB05,1,1.0,Very Positive,50.35,RISING,70.64,HIGH PRIORITY - Curate Listings,1.0,0.0,100.0,100.0,1,6,Collectible product or theme,Monitor and curate relevant listings
in-game currency,In-Game Currency,False,general,#808080,2,0.0,Neutral,40.69,STEADY,59.27,MONITOR - Emerging Opportunity,2.0,0.0,200.0,100.0,0,5,Collectible product or theme,Monitor and curate relevant listings
inserts,Inserts,False,multiple,#808080,1,1.0,Very Positive,50.35,RISING,72.64,HIGH PRIORITY - Curate Listings,1.0,0.0,100.0,100.0,1,2,Collectible product or theme,Monitor and curate relevant listings
international currencies,International Currencies,False,general,#808080,8,0.0,Neutral,52.7,RISING,66.08,HIGH PRIORITY - Curate Listings,8.0,0.0,800.0,100.0,8,2,Collectible product or theme,Monitor and curate relevant listings
international editions,International Editions,False,pokemon,#FFCB05,1,1.0,Very Positive,50.35,RISING,50.64,MONITOR - Emerging Opportunity,1.0,0.0,100.0,0.0,1,6,Collectible product or theme,Monitor and curate relevant listings
investing,Baseball - Investment Activity,True,baseball,#C41E3A,17,0.71,Very Positive,55.32,RISING,70.07,HIGH PRIORITY - Curate Listings,15.0,0.0,1500.0,88.24,17,2,Collectible product or theme,Monitor and curate relevant listings
investment,Investment,False,tcg,#4169E1,10,0.9,Very Positive,52.37,RISING,64.7,HIGH PRIORITY - Curate Listings,10.0,0.0,1000.0,60.0,9,2,Investment and ROI discussions,Provide market data and investment guides
investment value,Investment Value,False,pokemon,#FFCB05,5,0.0,Neutral,43.69,STEADY,58.48,MONITOR - Emerging Opportunity,5.0,0.0,500.0,100.0,5,10,Collectible product or theme,Monitor and curate relevant listings
japanese 1st edition,Japanese 1St Edition,False,pokemon,#FFCB05,1,1.0,Very Positive,40.35,STEADY,46.64,MONITOR - Emerging Opportunity,1.0,0.0,100.0,0.0,0,4,Collectible product or theme,Monitor and curate relevant listings
japanese op sets,Japanese Op Sets,False,general,#808080,3,1.0,Very Positive,51.02,RISING,70.91,HIGH PRIORITY - Curate Listings,3.0,0.0,300.0,100.0,3,7,Collectible product or theme,Monitor and curate relevant listings
kindness,Kindness,False,pokemon,#FFCB05,1,1.0,Very Positive,50.35,RISING,50.64,MONITOR - Emerging Opportunity,1.0,0.0,100.0,0.0,1,6,Collectible product or theme,Monitor and curate relevant listings
language editions,Language Editions,False,general,#808080,7,0.0,Neutral,52.36,RISING,63.95,HIGH PRIORITY - Curate Listings,7.0,0.0,700.0,100.0,7,4,Collectible product or theme,Monitor and curate relevant listings
language variants,Language Variants,False,pokemon,#FFCB05,6,0.17,Positive,50.36,RISING,64.39,HIGH PRIORITY - Curate Listings,6.0,0.0,600.0,100.0,5,4,Collectible product or theme,Monitor and curate relevant listings
legality,Legality,False,general,#808080,1,0.0,Neutral,40.35,STEADY,39.14,LOW PRIORITY - Track for Changes,1.0,0.0,100.0,0.0,0,5,Collectible product or theme,Monitor and curate relevant listings
limited edition,Limited Edition,False,baseball,#C41E3A,4,1.0,Very Positive,51.36,RISING,53.04,MONITOR - Emerging Opportunity,4.0,0.0,400.0,0.0,4,2,Collectible product or theme,Monitor and curate relevant listings
limited production,Limited Production,False,general,#808080,1,1.0,Very Positive,40.35,STEADY,46.64,MONITOR - Emerging Opportunity,1.0,0.0,100.0,0.0,0,5,Collectible product or theme,Monitor and curate relevant listings
local store policies,Local Store Policies,False,general,#808080,1,0.0,Neutral,40.35,STEADY,39.14,LOW PRIORITY - Track for Changes,1.0,0.0,100.0,0.0,0,5,Collectible product or theme,Monitor and curate relevant listings
local trade,Local Trade,False,general,#808080,2,0.0,Neutral,40.69,STEADY,59.27,MONITOR - Emerging Opportunity,2.0,0.0,200.0,100.0,0,5,Collectible product or theme,Monitor and curate relevant listings
magic the gathering,Magic The Gathering,False,magic_the_gathering,#000000,9,0.0,Neutral,48.59,STEADY,44.44,MONITOR - Emerging Opportunity,9.0,0.0,900.0,0.0,5,3,Collectible product or theme,Monitor and curate relevant listings
manufacturers,Manufacturers,False,general,#808080,7,0.0,Neutral,52.36,RISING,45.95,MONITOR - Emerging Opportunity,7.0,0.0,700.0,0.0,7,2,Collectible product or theme,Monitor and curate relevant listings
markers,Markers,False,general,#808080,3,1.0,Very Positive,51.02,RISING,70.91,HIGH PRIORITY - Curate Listings,3.0,0.0,300.0,100.0,3,7,Collectible product or theme,Monitor and curate relevant listings
market availability,Market Availability,False,pokemon,#FFCB05,2,-1.0,Very Negative,42.69,STEADY,30.57,LOW PRIORITY - Track for Changes,2.0,0.0,200.0,0.0,2,8,Collectible product or theme,Monitor and curate relevant listings
market behavior,Market Behavior,False,general,#808080,2,-1.0,Very Negative,40.69,STEADY,51.77,MONITOR - Emerging Opportunity,2.0,0.0,200.0,100.0,0,6,Collectible product or theme,Monitor and curate relevant listings
market caution,Market Caution,False,pokemon,#FFCB05,2,1.0,Very Positive,50.69,RISING,50.77,MONITOR - Emerging Opportunity,2.0,0.0,200.0,0.0,2,4,Collectible product or theme,Monitor and curate relevant listings
market demand,Market Demand,False,tcg,#4169E1,8,0.75,Very Positive,52.7,RISING,64.7,HIGH PRIORITY - Curate Listings,8.0,0.0,800.0,75.0,8,4,Collectible product or theme,Monitor and curate relevant listings
market dynamics,Market Dynamics,False,pokemon,#FFCB05,3,-1.0,Very Negative,43.02,STEADY,30.71,LOW PRIORITY - Track for Changes,3.0,0.0,300.0,0.0,3,10,Collectible product or theme,Monitor and curate relevant listings
market news,Market News,False,pokemon,#FFCB05,6,0.0,Neutral,42.03,STEADY,39.81,LOW PRIORITY - Track for Changes,6.0,0.0,600.0,0.0,0,7,Collectible product or theme,Monitor and curate relevant listings
market trends,Pokemon - Market Trends Analysis,True,pokemon,#FFCB05,23,0.7,Very Positive,55.16,RISING,60.98,HIGH PRIORITY - Curate Listings,21.0,0.0,2100.0,43.48,18,2,Collectible product or theme,Monitor and curate relevant listings
market value,Market Value,False,pokemon,#FFCB05,1,1.0,Very Positive,50.35,RISING,50.64,MONITOR - Emerging Opportunity,1.0,0.0,100.0,0.0,1,4,Collectible product or theme,Monitor and curate relevant listings
marketplaces,Marketplaces,False,pokemon,#FFCB05,1,0.0,Neutral,50.35,RISING,63.14,HIGH PRIORITY - Curate Listings,1.0,0.0,100.0,100.0,1,7,Collectible product or theme,Monitor and curate relevant listings
materials,Materials,False,general,#808080,3,1.0,Very Positive,51.02,RISING,70.91,HIGH PRIORITY - Curate Listings,3.0,0.0,300.0,100.0,3,7,Collectible product or theme,Monitor and curate relevant listings
merchants,Merchants,False,general,#808080,6,0.0,Neutral,52.03,RISING,45.81,MONITOR - Emerging Opportunity,6.0,0.0,600.0,0.0,6,2,Collectible product or theme,Monitor and curate relevant listings
millennial culture,Millennial Culture,False,tcg,#4169E1,9,0.0,Neutral,43.03,STEADY,40.21,MONITOR - Emerging Opportunity,9.0,0.0,900.0,0.0,0,6,Collectible product or theme,Monitor and curate relevant listings
modern cards,Modern Cards,False,pokemon,#FFCB05,1,1.0,Very Positive,40.35,STEADY,66.64,HIGH PRIORITY - Curate Listings,1.0,0.0,100.0,100.0,0,7,Collectible product or theme,Monitor and curate relevant listings
multiplayer challenges,Multiplayer Challenges,False,motorsport,#FF1493,3,-1.0,Very Negative,51.02,RISING,35.91,LOW PRIORITY - Track for Changes,3.0,0.0,300.0,0.0,3,7,Collectible product or theme,Monitor and curate relevant listings
new releases,New Releases,False,football,#663300,19,0.47,Positive,51.75,RISING,50.31,MONITOR - Emerging Opportunity,9.0,0.0,900.0,5.26,14,2,Collectible product or theme,Monitor and curate relevant listings
nfl_cards,Nfl_Cards,False,football,#663300,3,0.0,Neutral,51.02,RISING,43.41,MONITOR - Emerging Opportunity,3.0,0.0,300.0,0.0,3,5,Collectible product or theme,Monitor and curate relevant listings
nfts,Nfts,False,basketball,#FF6600,3,1.0,Very Positive,51.02,RISING,52.91,MONITOR - Emerging Opportunity,3.0,0.0,300.0,0.0,3,2,Collectible product or theme,Monitor and curate relevant listings
non-sports trading cards,Non-Sports Trading Cards,False,general,#808080,7,0.0,Neutral,52.36,RISING,45.95,MONITOR - Emerging Opportunity,7.0,0.0,700.0,0.0,7,2,Collectible product or theme,Monitor and curate relevant listings
nostalgia,Baseball - Nostalgia & Memories,True,pokemon,#FFCB05,28,0.54,Very Positive,54.36,RISING,56.48,MONITOR - Emerging Opportunity,26.0,0.0,2600.0,28.57,15,3,Collectible product or theme,Monitor and curate relevant listings
odds,Odds,False,pokemon,#FFCB05,2,0.0,Neutral,40.69,STEADY,39.27,LOW PRIORITY - Track for Changes,2.0,0.0,200.0,0.0,0,6,Collectible product or theme,Monitor and curate relevant listings
offers,Offers,False,general,#808080,1,1.0,Very Positive,50.35,RISING,52.64,MONITOR - Emerging Opportunity,1.0,0.0,100.0,0.0,1,3,Collectible product or theme,Monitor and curate relevant listings
official releases,Official Releases,False,general,#808080,1,1.0,Very Positive,40.35,STEADY,48.64,MONITOR - Emerging Opportunity,1.0,0.0,100.0,0.0,0,3,Collectible product or theme,Monitor and curate relevant listings
one piece card game,One Piece Card Game,False,general,#808080,4,1.0,Very Positive,43.36,STEADY,45.84,MONITOR - Emerging Opportunity,4.0,0.0,400.0,0.0,4,9,Collectible product or theme,Monitor and curate relevant listings
one piece cards,One Piece Cards,False,general,#808080,7,1.0,Very Positive,52.36,RISING,71.45,HIGH PRIORITY - Curate Listings,7.0,0.0,700.0,100.0,7,6,Collectible product or theme,Monitor and curate relevant listings
one piece collaboration,One Piece Collaboration,False,general,#808080,1,-1.0,Very Negative,50.35,RISING,35.64,LOW PRIORITY - Track for Changes,1.0,0.0,100.0,0.0,1,6,Collectible product or theme,Monitor and curate relevant listings
online pricing tools,Online Pricing Tools,False,pokemon,#FFCB05,4,0.0,Neutral,51.36,RISING,63.54,HIGH PRIORITY - Curate Listings,4.0,0.0,400.0,100.0,4,5,Collectible product or theme,Monitor and curate relevant listings
organization,Organization,False,general,#808080,3,1.0,Very Positive,51.02,RISING,72.91,HIGH PRIORITY - Curate Listings,3.0,0.0,300.0,100.0,3,2,Collectible product or theme,Monitor and curate relevant listings
overproduction,Overproduction,False,baseball,#C41E3A,2,0.0,Neutral,42.69,STEADY,58.07,MONITOR - Emerging Opportunity,2.0,0.0,200.0,100.0,2,9,Collectible product or theme,Monitor and curate relevant listings
owner's pokemon,Owner'S Pokemon,False,pokemon,#FFCB05,1,1.0,Very Positive,50.35,RISING,70.64,HIGH PRIORITY - Curate Listings,1.0,0.0,100.0,100.0,1,6,Collectible product or theme,Monitor and curate relevant listings
pack opening,Pack Opening,False,general,#808080,9,0.0,Neutral,43.92,STEADY,40.79,MONITOR - Emerging Opportunity,9.0,0.0,900.0,11.11,8,8,Collectible product or theme,Monitor and curate relevant listings
pack preservation,Pack Preservation,False,general,#808080,4,1.0,Very Positive,43.36,STEADY,45.84,MONITOR - Emerging Opportunity,4.0,0.0,400.0,0.0,4,9,Collectible product or theme,Monitor and curate relevant listings
packaging,Packaging,False,pokemon,#FFCB05,1,0.0,Neutral,50.35,RISING,63.14,HIGH PRIORITY - Curate Listings,1.0,0.0,100.0,100.0,1,4,Collectible product or theme,Monitor and curate relevant listings
packaging issues,Packaging Issues,False,pokemon,#FFCB05,1,-1.0,Very Negative,40.35,STEADY,31.64,LOW PRIORITY - Track for Changes,1.0,0.0,100.0,0.0,0,6,Collectible product or theme,Monitor and curate relevant listings
participation,Participation,False,pokemon,#FFCB05,1,0.0,Neutral,50.35,RISING,63.14,HIGH PRIORITY - Curate Listings,1.0,0.0,100.0,100.0,1,6,Collectible product or theme,Monitor and curate relevant listings
passing down,Passing Down,False,pokemon,#FFCB05,1,1.0,Very Positive,40.35,STEADY,66.64,HIGH PRIORITY - Curate Listings,1.0,0.0,100.0,100.0,0,7,Collectible product or theme,Monitor and curate relevant listings
payment instructions,Payment Instructions,False,pokemon,#FFCB05,1,0.0,Neutral,50.35,RISING,65.14,HIGH PRIORITY - Curate Listings,1.0,0.0,100.0,100.0,1,3,Collectible product or theme,Monitor and curate relevant listings
personal preferences,Personal Preferences,False,tcg,#4169E1,4,0.0,Neutral,41.36,STEADY,41.54,MONITOR - Emerging Opportunity,4.0,0.0,400.0,0.0,0,3,Collectible product or theme,Monitor and curate relevant listings
physical rewards,Physical Rewards,False,general,#808080,8,0.0,Neutral,52.7,RISING,66.08,HIGH PRIORITY - Curate Listings,8.0,0.0,800.0,100.0,8,2,Collectible product or theme,Monitor and curate relevant listings
platform recommendations,Platform Recommendations,False,pokemon,#FFCB05,1,0.0,Neutral,50.35,RISING,63.14,HIGH PRIORITY - Curate Listings,1.0,0.0,100.0,100.0,1,6,Collectible product or theme,Monitor and curate relevant listings
player capacity,Player Capacity,False,tcg,#4169E1,3,0.0,Neutral,43.02,STEADY,38.21,LOW PRIORITY - Track for Changes,3.0,0.0,300.0,0.0,3,8,Collectible product or theme,Monitor and curate relevant listings
player card,Player Card,False,basketball,#FF6600,1,0.0,Neutral,42.35,STEADY,57.94,MONITOR - Emerging Opportunity,1.0,0.0,100.0,100.0,1,8,Collectible product or theme,Monitor and curate relevant listings
player draft status,Player Draft Status,False,baseball,#C41E3A,1,1.0,Very Positive,42.35,STEADY,45.44,MONITOR - Emerging Opportunity,1.0,0.0,100.0,0.0,1,8,Collectible product or theme,Monitor and curate relevant listings
player features,Player Features,False,baseball,#C41E3A,3,1.0,Very Positive,26.27,COOLING,35.01,LOW PRIORITY - Track for Changes,0.0,3.0,-75.0,0.0,3,32,Collectible product or theme,Monitor and curate relevant listings
player feedback,Player Feedback,False,motorsport,#FF1493,3,-1.0,Very Negative,51.02,RISING,35.91,LOW PRIORITY - Track for Changes,3.0,0.0,300.0,0.0,3,7,Collectible product or theme,Monitor and curate relevant listings
player performance,Player Performance,False,baseball,#C41E3A,2,1.0,Very Positive,50.69,RISING,52.77,MONITOR - Emerging Opportunity,2.0,0.0,200.0,0.0,2,2,Collectible product or theme,Monitor and curate relevant listings
plush toys,Plush Toys,False,general,#808080,1,1.0,Very Positive,40.35,STEADY,48.64,MONITOR - Emerging Opportunity,1.0,0.0,100.0,0.0,0,3,Collectible product or theme,Monitor and curate relevant listings
pokemon,Pokemon,False,pokemon,#FFCB05,10,0.7,Very Positive,51.37,RISING,60.8,HIGH PRIORITY - Curate Listings,10.0,0.0,1000.0,50.0,8,3,Collectible product or theme,Monitor and curate relevant listings
pokemon cards,Pokemon Cards,False,pokemon,#FFCB05,18,0.0,Neutral,49.94,STEADY,49.64,MONITOR - Emerging Opportunity,18.0,0.0,1800.0,33.33,7,6,Collectible product or theme,Monitor and curate relevant listings
pokemon merchandise,Pokemon Merchandise,False,general,#808080,1,1.0,Very Positive,40.35,STEADY,48.64,MONITOR - Emerging Opportunity,1.0,0.0,100.0,0.0,0,3,Collectible product or theme,Monitor and curate relevant listings
pokemon singles,Pokemon Singles,False,pokemon,#FFCB05,3,0.0,Neutral,51.02,RISING,63.41,HIGH PRIORITY - Curate Listings,3.0,0.0,300.0,100.0,3,4,Collectible product or theme,Monitor and curate relevant listings
pokemon tcg,Pokemon Tcg,False,pokemon,#FFCB05,14,-0.14,Negative,49.0,STEADY,49.24,MONITOR - Emerging Opportunity,14.0,0.0,1400.0,28.57,6,3,Collectible product or theme,Monitor and curate relevant listings
pokemon tcg history,Pokemon Tcg History,False,pokemon,#FFCB05,6,0.0,Neutral,44.03,STEADY,58.61,MONITOR - Emerging Opportunity,6.0,0.0,600.0,100.0,6,8,Collectible product or theme,Monitor and curate relevant listings
pokemon_sets,Pokemon_Sets,False,pokemon,#FFCB05,2,-1.0,Very Negative,40.69,STEADY,51.77,MONITOR - Emerging Opportunity,2.0,0.0,200.0,100.0,0,7,Collectible product or theme,Monitor and curate relevant listings
pokmon,Pokmon,False,tcg,#4169E1,1,1.0,Very Positive,50.35,RISING,52.64,MONITOR - Emerging Opportunity,1.0,0.0,100.0,0.0,1,3,Collectible product or theme,Monitor and curate relevant listings
pop culture,Pop Culture,False,pokemon,#FFCB05,39,0.0,Neutral,63.1,RISING,50.24,MONITOR - Emerging Opportunity,39.0,0.0,3900.0,0.0,39,2,Pop culture and entertainment themes,Cross-promote entertainment merchandise
popular cards,Popular Cards,False,pokemon,#FFCB05,2,-1.0,Very Negative,42.69,STEADY,30.57,LOW PRIORITY - Track for Changes,2.0,0.0,200.0,0.0,2,8,Collectible product or theme,Monitor and curate relevant listings
popular_sets,Popular_Sets,False,football,#663300,3,0.0,Neutral,51.02,RISING,43.41,MONITOR - Emerging Opportunity,3.0,0.0,300.0,0.0,3,5,Collectible product or theme,Monitor and curate relevant listings
popularity,Popularity,False,tcg,#4169E1,6,1.0,Very Positive,52.03,RISING,71.31,HIGH PRIORITY - Curate Listings,6.0,0.0,600.0,100.0,6,4,Collectible product or theme,Monitor and curate relevant listings
post-purchase confusion,Post-Purchase Confusion,False,pokemon,#FFCB05,1,-1.0,Very Negative,40.35,STEADY,31.64,LOW PRIORITY - Track for Changes,1.0,0.0,100.0,0.0,0,6,Collectible product or theme,Monitor and curate relevant listings
premium cards,Premium Cards,False,general,#808080,9,0.0,Neutral,53.03,RISING,64.21,HIGH PRIORITY - Curate Listings,9.0,0.0,900.0,100.0,9,6,Collectible product or theme,Monitor and curate relevant listings
price matching,Price Matching,False,general,#808080,1,0.0,Neutral,50.35,RISING,63.14,HIGH PRIORITY - Curate Listings,1.0,0.0,100.0,100.0,1,6,Collectible product or theme,Monitor and curate relevant listings
pricing,Pokemon - Card Pricing Discussions,True,pokemon,#FFCB05,149,0.32,Positive,98.25,HOT,81.08,IMMEDIATE ACTION - Alert Top Sellers,149.0,0.0,14900.0,71.81,123,2,People discussing card values and pricing,"Launch pricing tools, transparency features"
pricing accuracy,Pricing Accuracy,False,football,#663300,1,-2.0,Very Negative,50.35,RISING,30.14,LOW PRIORITY - Track for Changes,1.0,0.0,100.0,0.0,1,2,Collectible product or theme,Monitor and curate relevant listings
pricing advice,Pricing Advice,False,pokemon,#FFCB05,2,1.0,Very Positive,50.69,RISING,50.77,MONITOR - Emerging Opportunity,2.0,0.0,200.0,0.0,2,4,Collectible product or theme,Monitor and curate relevant listings
print quality,Print Quality,False,pokemon,#FFCB05,5,0.0,Neutral,43.69,STEADY,58.48,MONITOR - Emerging Opportunity,5.0,0.0,500.0,100.0,5,10,Collectible product or theme,Monitor and curate relevant listings
printing errors,Printing Errors,False,pokemon,#FFCB05,1,0.0,Neutral,40.35,STEADY,39.14,LOW PRIORITY - Track for Changes,1.0,0.0,100.0,0.0,0,5,Collectible product or theme,Monitor and curate relevant listings
pristine condition,Pristine Condition,False,general,#808080,1,2.0,Very Positive,40.35,STEADY,54.14,MONITOR - Emerging Opportunity,1.0,0.0,100.0,0.0,0,6,Collectible product or theme,Monitor and curate relevant listings
product advice,Product Advice,False,general,#808080,1,0.0,Neutral,50.35,RISING,63.14,HIGH PRIORITY - Curate Listings,1.0,0.0,100.0,100.0,1,6,Collectible product or theme,Monitor and curate relevant listings
product availability,Product Availability,False,pokemon,#FFCB05,26,0.69,Very Positive,57.58,RISING,63.99,HIGH PRIORITY - Curate Listings,26.0,0.0,2600.0,53.85,23,3,Collectible product or theme,Monitor and curate relevant listings
product bundle,Product Bundle,False,pokemon,#FFCB05,1,0.0,Neutral,50.35,RISING,65.14,HIGH PRIORITY - Curate Listings,1.0,0.0,100.0,100.0,1,3,Collectible product or theme,Monitor and curate relevant listings
product catalog,Product Catalog,False,general,#808080,5,0.0,Neutral,51.69,RISING,45.68,MONITOR - Emerging Opportunity,5.0,0.0,500.0,0.0,5,2,Collectible product or theme,Monitor and curate relevant listings
product comparison,Product Comparison,False,general,#808080,1,0.0,Neutral,50.35,RISING,63.14,HIGH PRIORITY - Curate Listings,1.0,0.0,100.0,100.0,1,5,Collectible product or theme,Monitor and curate relevant listings
product compatibility,Product Compatibility,False,general,#808080,3,0.0,Neutral,51.02,RISING,63.41,HIGH PRIORITY - Curate Listings,3.0,0.0,300.0,100.0,3,7,Collectible product or theme,Monitor and curate relevant listings
product discovery,Product Discovery,False,soccer,#00AA00,2,1.0,Very Positive,50.69,RISING,72.77,HIGH PRIORITY - Curate Listings,2.0,0.0,200.0,100.0,2,3,Collectible product or theme,Monitor and curate relevant listings
product exclusivity,Product Exclusivity,False,general,#808080,2,0.0,Neutral,32.69,STEADY,34.07,LOW PRIORITY - Track for Changes,2.0,0.0,200.0,0.0,0,8,Collectible product or theme,Monitor and curate relevant listings
product features,Product Features,False,general,#808080,1,1.0,Very Positive,50.35,RISING,72.64,HIGH PRIORITY - Curate Listings,1.0,0.0,100.0,100.0,1,2,Collectible product or theme,Monitor and curate relevant listings
product hits,Product Hits,False,general,#808080,9,0.11,Positive,43.92,STEADY,39.4,LOW PRIORITY - Track for Changes,9.0,0.0,900.0,0.0,8,9,Collectible product or theme,Monitor and curate relevant listings
product identification,Product Identification,False,pokemon,#FFCB05,2,0.0,Neutral,50.69,RISING,53.27,MONITOR - Emerging Opportunity,2.0,0.0,200.0,50.0,2,5,Collectible product or theme,Monitor and curate relevant listings
product images,Product Images,False,pokemon,#FFCB05,3,0.0,Neutral,51.02,RISING,63.41,HIGH PRIORITY - Curate Listings,3.0,0.0,300.0,100.0,3,4,Collectible product or theme,Monitor and curate relevant listings
product issues,Product Issues,False,pokemon,#FFCB05,1,-1.0,Very Negative,50.35,RISING,35.64,LOW PRIORITY - Track for Changes,1.0,0.0,100.0,0.0,1,6,Collectible product or theme,Monitor and curate relevant listings
product launches,Product Launches,False,pokemon,#FFCB05,11,0.45,Positive,43.71,STEADY,43.89,MONITOR - Emerging Opportunity,11.0,0.0,1100.0,0.0,0,7,Collectible product or theme,Monitor and curate relevant listings
product listings,Product Listings,False,trading_card,#808080,8,0.0,Neutral,52.7,RISING,46.08,MONITOR - Emerging Opportunity,8.0,0.0,800.0,0.0,8,2,Collectible product or theme,Monitor and curate relevant listings
product luck,Product Luck,False,general,#808080,1,1.0,Very Positive,50.35,RISING,52.64,MONITOR - Emerging Opportunity,1.0,0.0,100.0,0.0,1,3,Collectible product or theme,Monitor and curate relevant listings
product mechanics,Product Mechanics,False,general,#808080,2,0.0,Neutral,32.69,STEADY,34.07,LOW PRIORITY - Track for Changes,2.0,0.0,200.0,0.0,0,8,Collectible product or theme,Monitor and curate relevant listings
product opening,Product Opening,False,general,#808080,1,1.0,Very Positive,32.35,STEADY,41.44,MONITOR - Emerging Opportunity,1.0,0.0,100.0,0.0,0,10,Collectible product or theme,Monitor and curate relevant listings
product parallels,Product Parallels,False,general,#808080,8,0.0,Neutral,44.7,STEADY,38.88,LOW PRIORITY - Track for Changes,8.0,0.0,800.0,0.0,8,9,Collectible product or theme,Monitor and curate relevant listings
product pull,Product Pull,False,general,#808080,1,2.0,Very Positive,50.35,RISING,58.14,MONITOR - Emerging Opportunity,1.0,0.0,100.0,0.0,1,6,Collectible product or theme,Monitor and curate relevant listings
product pulls,Product Pulls,False,general,#808080,4,1.0,Very Positive,43.36,STEADY,45.84,MONITOR - Emerging Opportunity,4.0,0.0,400.0,0.0,4,9,Collectible product or theme,Monitor and curate relevant listings
product quantity,Product Quantity,False,general,#808080,3,0.0,Neutral,43.02,STEADY,58.21,MONITOR - Emerging Opportunity,3.0,0.0,300.0,100.0,3,9,Collectible product or theme,Monitor and curate relevant listings
product recommendation,Product Recommendation,False,general,#808080,3,1.0,Very Positive,51.02,RISING,70.91,HIGH PRIORITY - Curate Listings,3.0,0.0,300.0,100.0,3,7,Collectible product or theme,Monitor and curate relevant listings
product recommendations,Product Recommendations,False,gaming,#9932CC,1,1.0,Very Positive,50.35,RISING,70.64,HIGH PRIORITY - Curate Listings,1.0,0.0,100.0,100.0,1,6,Collectible product or theme,Monitor and curate relevant listings
product release,Product Release,False,tcg,#4169E1,7,0.86,Very Positive,52.36,RISING,67.52,HIGH PRIORITY - Curate Listings,7.0,0.0,700.0,85.71,7,6,Collectible product or theme,Monitor and curate relevant listings
product sourcing,Product Sourcing,False,pokemon,#FFCB05,3,0.0,Neutral,43.02,STEADY,58.21,MONITOR - Emerging Opportunity,3.0,0.0,300.0,100.0,3,9,Collectible product or theme,Monitor and curate relevant listings
product types,Product Types,False,pokemon,#FFCB05,9,1.0,Very Positive,53.03,RISING,69.27,HIGH PRIORITY - Curate Listings,9.0,0.0,900.0,77.78,9,3,Collectible product or theme,Monitor and curate relevant listings
product value,Product Value,False,general,#808080,11,0.0,Neutral,52.8,RISING,49.57,MONITOR - Emerging Opportunity,11.0,0.0,1100.0,27.27,10,4,Collectible product or theme,Monitor and curate relevant listings
product verification,Product Verification,False,pokemon,#FFCB05,1,0.0,Neutral,50.35,RISING,63.14,HIGH PRIORITY - Curate Listings,1.0,0.0,100.0,100.0,1,4,Collectible product or theme,Monitor and curate relevant listings
product_comparison,Product_Comparison,False,general,#808080,3,-1.0,Very Negative,41.02,STEADY,51.91,MONITOR - Emerging Opportunity,3.0,0.0,300.0,100.0,0,6,Collectible product or theme,Monitor and curate relevant listings
product_quality,Product_Quality,False,general,#808080,3,-1.0,Very Negative,41.02,STEADY,51.91,MONITOR - Emerging Opportunity,3.0,0.0,300.0,100.0,0,6,Collectible product or theme,Monitor and curate relevant listings
product_recommendation,Product_Recommendation,False,football,#663300,3,0.0,Neutral,51.02,RISING,43.41,MONITOR - Emerging Opportunity,3.0,0.0,300.0,0.0,3,5,Collectible product or theme,Monitor and curate relevant listings
promo cards,Promo Cards,False,general,#808080,2,0.0,Neutral,50.69,RISING,63.27,HIGH PRIORITY - Curate Listings,2.0,0.0,200.0,100.0,2,4,Collectible product or theme,Monitor and curate relevant listings
promotions,Promotions,False,general,#808080,7,0.0,Neutral,52.36,RISING,54.52,MONITOR - Emerging Opportunity,7.0,0.0,700.0,42.86,7,2,Collectible product or theme,Monitor and curate relevant listings
prospects,Prospects,False,baseball,#C41E3A,2,1.0,Very Positive,42.69,STEADY,45.57,MONITOR - Emerging Opportunity,2.0,0.0,200.0,0.0,2,8,Collectible product or theme,Monitor and curate relevant listings
protection,Protection,False,sports,#808080,1,1.0,Very Positive,50.35,RISING,72.64,HIGH PRIORITY - Curate Listings,1.0,0.0,100.0,100.0,1,2,Collectible product or theme,Monitor and curate relevant listings
proxy cards,Proxy Cards,False,magic_the_gathering,#000000,2,1.0,Very Positive,40.69,STEADY,66.77,HIGH PRIORITY - Curate Listings,2.0,0.0,200.0,100.0,0,5,Collectible product or theme,Monitor and curate relevant listings
proxy usage,Proxy Usage,False,tcg,#4169E1,2,0.0,Neutral,50.69,RISING,43.27,MONITOR - Emerging Opportunity,2.0,0.0,200.0,0.0,2,5,Collectible product or theme,Monitor and curate relevant listings
publicity stunt,Publicity Stunt,False,pokemon,#FFCB05,1,0.0,Neutral,42.35,STEADY,37.94,LOW PRIORITY - Track for Changes,1.0,0.0,100.0,0.0,1,9,Collectible product or theme,Monitor and curate relevant listings
pull odds,Pull Odds,False,general,#808080,2,0.0,Neutral,32.69,STEADY,34.07,LOW PRIORITY - Track for Changes,2.0,0.0,200.0,0.0,0,8,Collectible product or theme,Monitor and curate relevant listings
pull rates,Pull Rates,False,tcg,#4169E1,4,0.0,Neutral,43.36,STEADY,58.34,MONITOR - Emerging Opportunity,4.0,0.0,400.0,100.0,4,8,Collectible product or theme,Monitor and curate relevant listings
pulls,Pulls,False,general,#808080,2,1.0,Very Positive,50.69,RISING,50.77,MONITOR - Emerging Opportunity,2.0,0.0,200.0,0.0,2,6,Collectible product or theme,Monitor and curate relevant listings
purchase advice,Purchase Advice,False,pokemon,#FFCB05,1,1.0,Very Positive,50.35,RISING,70.64,HIGH PRIORITY - Curate Listings,1.0,0.0,100.0,100.0,1,5,Collectible product or theme,Monitor and curate relevant listings
purchase decision,Purchase Decision,False,general,#808080,2,0.0,Neutral,40.69,STEADY,59.27,MONITOR - Emerging Opportunity,2.0,0.0,200.0,100.0,0,5,Collectible product or theme,Monitor and curate relevant listings
purchase instructions,Purchase Instructions,False,pokemon,#FFCB05,1,0.0,Neutral,50.35,RISING,65.14,HIGH PRIORITY - Curate Listings,1.0,0.0,100.0,100.0,1,3,Collectible product or theme,Monitor and curate relevant listings
purchase limits,Purchase Limits,False,tcg,#4169E1,12,0.67,Very Positive,52.37,RISING,62.28,HIGH PRIORITY - Curate Listings,12.0,0.0,1200.0,66.67,10,5,Collectible product or theme,Monitor and curate relevant listings
purchase timing,Purchase Timing,False,general,#808080,1,0.0,Neutral,50.35,RISING,63.14,HIGH PRIORITY - Curate Listings,1.0,0.0,100.0,100.0,1,6,Collectible product or theme,Monitor and curate relevant listings
raffle,Raffle,False,pokemon,#FFCB05,5,0.4,Positive,51.69,RISING,68.68,HIGH PRIORITY - Curate Listings,5.0,0.0,500.0,100.0,5,3,Collectible product or theme,Monitor and curate relevant listings
raffles,Raffles,False,pokemon,#FFCB05,3,0.0,Neutral,51.02,RISING,52.08,MONITOR - Emerging Opportunity,3.0,0.0,300.0,33.33,3,3,Collectible product or theme,Monitor and curate relevant listings
rarity,Rarity,False,pokemon,#FFCB05,8,1.0,Very Positive,50.2,RISING,53.08,MONITOR - Emerging Opportunity,8.0,0.0,800.0,12.5,6,4,Collectible product or theme,Monitor and curate relevant listings
recommendations,Recommendations,False,general,#808080,2,0.5,Very Positive,45.69,STEADY,65.02,HIGH PRIORITY - Curate Listings,2.0,0.0,200.0,100.0,1,4,Collectible product or theme,Monitor and curate relevant listings
redeemable values,Redeemable Values,False,general,#808080,9,0.0,Neutral,53.03,RISING,46.21,MONITOR - Emerging Opportunity,9.0,0.0,900.0,0.0,9,2,Collectible product or theme,Monitor and curate relevant listings
redemption policies,Redemption Policies,False,baseball,#C41E3A,1,-1.0,Very Negative,42.35,STEADY,30.44,LOW PRIORITY - Track for Changes,1.0,0.0,100.0,0.0,1,9,Collectible product or theme,Monitor and curate relevant listings
redemptions,Redemptions,False,baseball,#C41E3A,1,-1.0,Very Negative,42.35,STEADY,30.44,LOW PRIORITY - Track for Changes,1.0,0.0,100.0,0.0,1,9,Collectible product or theme,Monitor and curate relevant listings
regional offerings,Regional Offerings,False,general,#808080,9,0.0,Neutral,53.03,RISING,46.21,MONITOR - Emerging Opportunity,9.0,0.0,900.0,0.0,9,2,Collectible product or theme,Monitor and curate relevant listings
regret,Regret,False,pokemon,#FFCB05,5,1.0,Very Positive,43.69,STEADY,45.98,MONITOR - Emerging Opportunity,5.0,0.0,500.0,0.0,5,8,Collectible product or theme,Monitor and curate relevant listings
release dates,Release Dates,False,general,#808080,1,0.0,Neutral,40.35,STEADY,39.14,LOW PRIORITY - Track for Changes,1.0,0.0,100.0,0.0,0,5,Collectible product or theme,Monitor and curate relevant listings
relics,Relics,False,baseball,#C41E3A,1,1.0,Very Positive,42.35,STEADY,45.44,MONITOR - Emerging Opportunity,1.0,0.0,100.0,0.0,1,9,Collectible product or theme,Monitor and curate relevant listings
replica cards,Replica Cards,False,pokemon,#FFCB05,1,-1.0,Very Negative,40.35,STEADY,31.64,LOW PRIORITY - Track for Changes,1.0,0.0,100.0,0.0,0,5,Collectible product or theme,Monitor and curate relevant listings
reselling,Reselling,False,gaming,#9932CC,3,-1.0,Very Negative,41.02,STEADY,33.91,LOW PRIORITY - Track for Changes,3.0,0.0,300.0,0.0,0,3,Collectible product or theme,Monitor and curate relevant listings
resource management,Resource Management,False,general,#808080,1,0.0,Neutral,50.35,RISING,63.14,HIGH PRIORITY - Curate Listings,1.0,0.0,100.0,100.0,1,6,Collectible product or theme,Monitor and curate relevant listings
retail,Retail,False,general,#808080,9,0.0,Neutral,53.03,RISING,66.21,HIGH PRIORITY - Curate Listings,9.0,0.0,900.0,100.0,9,2,Collectible product or theme,Monitor and curate relevant listings
retail availability,Retail Availability,False,pokemon,#FFCB05,8,-0.25,Negative,50.2,RISING,61.2,HIGH PRIORITY - Curate Listings,8.0,0.0,800.0,100.0,6,5,Collectible product or theme,Monitor and curate relevant listings
retail brands,Retail Brands,False,general,#808080,8,0.0,Neutral,52.7,RISING,66.08,HIGH PRIORITY - Curate Listings,8.0,0.0,800.0,100.0,8,2,Collectible product or theme,Monitor and curate relevant listings
retail sources,Retail Sources,False,pokemon,#FFCB05,2,1.0,Very Positive,50.69,RISING,50.77,MONITOR - Emerging Opportunity,2.0,0.0,200.0,0.0,2,4,Collectible product or theme,Monitor and curate relevant listings
retail stocking,Retail Stocking,False,tcg,#4169E1,6,1.0,Very Positive,52.03,RISING,71.31,HIGH PRIORITY - Curate Listings,6.0,0.0,600.0,100.0,6,6,Collectible product or theme,Monitor and curate relevant listings
retail strategies,Retail Strategies,False,pokemon,#FFCB05,3,0.0,Neutral,43.02,STEADY,58.21,MONITOR - Emerging Opportunity,3.0,0.0,300.0,100.0,3,9,Collectible product or theme,Monitor and curate relevant listings
retailers,Retailers,False,general,#808080,1,0.0,Neutral,50.35,RISING,63.14,HIGH PRIORITY - Curate Listings,1.0,0.0,100.0,100.0,1,6,Collectible product or theme,Monitor and curate relevant listings
reward programs,Reward Programs,False,general,#808080,8,0.0,Neutral,52.7,RISING,66.08,HIGH PRIORITY - Curate Listings,8.0,0.0,800.0,100.0,8,2,Collectible product or theme,Monitor and curate relevant listings
rewards,Rewards,False,general,#808080,15,0.0,Neutral,55.05,RISING,59.02,MONITOR - Emerging Opportunity,15.0,0.0,1500.0,60.0,15,2,Collectible product or theme,Monitor and curate relevant listings
rookie cards,Rookie Cards,False,baseball,#C41E3A,1,-1.0,Very Negative,42.35,STEADY,30.44,LOW PRIORITY - Track for Changes,1.0,0.0,100.0,0.0,1,9,Collectible product or theme,Monitor and curate relevant listings
rookies,Rookies,False,baseball,#C41E3A,17,0.82,Very Positive,55.13,RISING,67.35,HIGH PRIORITY - Curate Listings,17.0,0.0,1700.0,70.59,16,2,Rookie card discussions and valuations,Highlight rookie card inventory and prospects
safety,Safety,False,soccer,#00AA00,1,0.0,Neutral,42.35,STEADY,57.94,MONITOR - Emerging Opportunity,1.0,0.0,100.0,100.0,1,10,Collectible product or theme,Monitor and curate relevant listings
sales inquiry,Sales Inquiry,False,baseball,#C41E3A,1,2.0,Very Positive,42.35,STEADY,72.94,HIGH PRIORITY - Curate Listings,1.0,0.0,100.0,100.0,1,9,Collectible product or theme,Monitor and curate relevant listings
sales records,Sales Records,False,pokemon,#FFCB05,6,0.0,Neutral,42.03,STEADY,39.81,LOW PRIORITY - Track for Changes,6.0,0.0,600.0,0.0,0,7,Collectible product or theme,Monitor and curate relevant listings
scalpers,Scalpers,False,tcg,#4169E1,6,1.0,Very Positive,52.03,RISING,71.31,HIGH PRIORITY - Curate Listings,6.0,0.0,600.0,100.0,6,6,Collectible product or theme,Monitor and curate relevant listings
scalping,Scalping,False,pokemon,#FFCB05,21,-0.05,Neutral,53.73,RISING,57.56,MONITOR - Emerging Opportunity,21.0,0.0,2100.0,57.14,14,3,Collectible product or theme,Monitor and curate relevant listings
scam warning,Scam Warning,False,pokemon,#FFCB05,1,-1.0,Very Negative,40.35,STEADY,31.64,LOW PRIORITY - Track for Changes,1.0,0.0,100.0,0.0,0,5,Collectible product or theme,Monitor and curate relevant listings
scams,Scams,False,pokemon,#FFCB05,1,1.0,Very Positive,50.35,RISING,50.64,MONITOR - Emerging Opportunity,1.0,0.0,100.0,0.0,1,6,Collectible product or theme,Monitor and curate relevant listings
sealed boxes,Sealed Boxes,False,pokemon,#FFCB05,9,0.44,Positive,45.03,STEADY,53.46,MONITOR - Emerging Opportunity,9.0,0.0,900.0,55.56,9,9,Collectible product or theme,Monitor and curate relevant listings
sealed cases,Sealed Cases,False,general,#808080,7,0.0,Neutral,52.36,RISING,63.95,HIGH PRIORITY - Curate Listings,7.0,0.0,700.0,100.0,7,4,Collectible product or theme,Monitor and curate relevant listings
sealed packs,Sealed Packs,False,general,#808080,4,1.0,Very Positive,43.36,STEADY,45.84,MONITOR - Emerging Opportunity,4.0,0.0,400.0,0.0,4,9,Collectible product or theme,Monitor and curate relevant listings
sealed_pack,Sealed_Pack,False,pokemon,#FFCB05,1,1.0,Very Positive,42.35,STEADY,45.44,MONITOR - Emerging Opportunity,1.0,0.0,100.0,0.0,1,10,Collectible product or theme,Monitor and curate relevant listings
sealed_products,Sealed_Products,False,pokemon,#FFCB05,2,-1.0,Very Negative,40.69,STEADY,51.77,MONITOR - Emerging Opportunity,2.0,0.0,200.0,100.0,0,7,Collectible product or theme,Monitor and curate relevant listings
secondary market,Secondary Market,False,general,#808080,1,0.0,Neutral,50.35,RISING,63.14,HIGH PRIORITY - Curate Listings,1.0,0.0,100.0,100.0,1,6,Collectible product or theme,Monitor and curate relevant listings
seller trustworthiness,Seller Trustworthiness,False,soccer,#00AA00,1,0.0,Neutral,42.35,STEADY,57.94,MONITOR - Emerging Opportunity,1.0,0.0,100.0,100.0,1,10,Collectible product or theme,Monitor and curate relevant listings
selling,Selling,False,pokemon,#FFCB05,5,-0.2,Negative,51.69,RISING,62.18,HIGH PRIORITY - Curate Listings,5.0,0.0,500.0,100.0,5,4,Collectible product or theme,Monitor and curate relevant listings
selling advice,Selling Advice,False,pokemon,#FFCB05,3,0.0,Neutral,43.02,STEADY,58.21,MONITOR - Emerging Opportunity,3.0,0.0,300.0,100.0,3,8,Collectible product or theme,Monitor and curate relevant listings
selling locations,Selling Locations,False,pokemon,#FFCB05,4,0.0,Neutral,51.36,RISING,63.54,HIGH PRIORITY - Curate Listings,4.0,0.0,400.0,100.0,4,5,Collectible product or theme,Monitor and curate relevant listings
sentimental value,Sentimental Value,False,pokemon,#FFCB05,2,-1.0,Very Negative,50.69,RISING,35.77,LOW PRIORITY - Track for Changes,2.0,0.0,200.0,0.0,2,7,Collectible product or theme,Monitor and curate relevant listings
series listings,Series Listings,False,basketball,#FF6600,5,0.0,Neutral,51.69,RISING,45.68,MONITOR - Emerging Opportunity,5.0,0.0,500.0,0.0,5,2,Collectible product or theme,Monitor and curate relevant listings
set aesthetics,Set Aesthetics,False,pokemon,#FFCB05,2,-1.0,Very Negative,42.69,STEADY,30.57,LOW PRIORITY - Track for Changes,2.0,0.0,200.0,0.0,2,8,Collectible product or theme,Monitor and curate relevant listings
set building,Set Building,False,pokemon,#FFCB05,1,0.0,Neutral,50.35,RISING,63.14,HIGH PRIORITY - Curate Listings,1.0,0.0,100.0,100.0,1,7,Collectible product or theme,Monitor and curate relevant listings
set information,Set Information,False,pokemon,#FFCB05,1,1.0,Very Positive,50.35,RISING,70.64,HIGH PRIORITY - Curate Listings,1.0,0.0,100.0,100.0,1,5,Collectible product or theme,Monitor and curate relevant listings
set recommendations,Set Recommendations,False,pokemon,#FFCB05,6,0.0,Neutral,52.03,RISING,63.81,HIGH PRIORITY - Curate Listings,6.0,0.0,600.0,100.0,6,5,Collectible product or theme,Monitor and curate relevant listings
set restock,Set Restock,False,general,#808080,1,1.0,Very Positive,50.35,RISING,50.64,MONITOR - Emerging Opportunity,1.0,0.0,100.0,0.0,1,4,Collectible product or theme,Monitor and curate relevant listings
set reviews,Set Reviews,False,football,#663300,5,0.0,Neutral,8.69,COOLING,20.48,LOW PRIORITY - Track for Changes,0.0,0.0,0.0,0.0,0,692,Collectible product or theme,Monitor and curate relevant listings
sets,General - Set Completion Activities,True,pokemon,#FFCB05,21,0.0,Neutral,57.06,RISING,47.82,MONITOR - Emerging Opportunity,21.0,0.0,2100.0,0.0,21,2,Collectible product or theme,Monitor and curate relevant listings
shadowless,Shadowless,False,pokemon,#FFCB05,5,1.0,Very Positive,51.69,RISING,71.18,HIGH PRIORITY - Curate Listings,5.0,0.0,500.0,100.0,5,6,Collectible product or theme,Monitor and curate relevant listings
shipping cost,Shipping Cost,False,basketball,#FF6600,1,0.0,Neutral,50.35,RISING,65.14,HIGH PRIORITY - Curate Listings,1.0,0.0,100.0,100.0,1,3,Collectible product or theme,Monitor and curate relevant listings
shipping issues,Shipping Issues,False,pokemon,#FFCB05,1,-2.0,Very Negative,50.35,RISING,28.14,LOW PRIORITY - Track for Changes,1.0,0.0,100.0,0.0,1,5,Collectible product or theme,Monitor and curate relevant listings
single packs,Single Packs,False,general,#808080,2,-1.0,Very Negative,40.69,STEADY,51.77,MONITOR - Emerging Opportunity,2.0,0.0,200.0,100.0,0,6,Collectible product or theme,Monitor and curate relevant listings
special cards,Special Cards,False,general,#808080,7,0.0,Neutral,52.36,RISING,63.95,HIGH PRIORITY - Curate Listings,7.0,0.0,700.0,100.0,7,4,Collectible product or theme,Monitor and curate relevant listings
special liveries,Special Liveries,False,motorsport,#FF1493,3,-1.0,Very Negative,51.02,RISING,35.91,LOW PRIORITY - Track for Changes,3.0,0.0,300.0,0.0,3,7,Collectible product or theme,Monitor and curate relevant listings
specific cards,Specific Cards,False,pokemon,#FFCB05,6,1.0,Very Positive,52.03,RISING,71.31,HIGH PRIORITY - Curate Listings,6.0,0.0,600.0,100.0,6,6,Collectible product or theme,Monitor and curate relevant listings
spending patterns,Spending Patterns,False,general,#808080,9,0.0,Neutral,53.03,RISING,64.21,HIGH PRIORITY - Curate Listings,9.0,0.0,900.0,100.0,9,6,Collectible product or theme,Monitor and curate relevant listings
sports,Sports,False,pokemon,#FFCB05,11,0.36,Positive,53.71,RISING,56.48,MONITOR - Emerging Opportunity,11.0,0.0,1100.0,36.36,11,2,Collectible product or theme,Monitor and curate relevant listings
sports cards,Sports Cards,False,baseball,#C41E3A,19,0.21,Positive,55.39,RISING,54.0,MONITOR - Emerging Opportunity,14.0,0.0,1400.0,26.32,19,2,Collectible product or theme,Monitor and curate relevant listings
stamina issues,Stamina Issues,False,basketball,#FF6600,1,0.0,Neutral,42.35,STEADY,57.94,MONITOR - Emerging Opportunity,1.0,0.0,100.0,100.0,1,8,Collectible product or theme,Monitor and curate relevant listings
star wars,Star Wars,False,trading_card,#808080,8,0.0,Neutral,52.7,RISING,46.08,MONITOR - Emerging Opportunity,8.0,0.0,800.0,0.0,8,2,Collectible product or theme,Monitor and curate relevant listings
storage,Storage,False,sports,#808080,10,0.9,Very Positive,52.37,RISING,72.7,HIGH PRIORITY - Curate Listings,10.0,0.0,1000.0,100.0,9,2,Collectible product or theme,Monitor and curate relevant listings
store credit vs cash,Store Credit Vs Cash,False,pokemon,#FFCB05,4,0.0,Neutral,51.36,RISING,63.54,HIGH PRIORITY - Curate Listings,4.0,0.0,400.0,100.0,4,5,Collectible product or theme,Monitor and curate relevant listings
store events,Store Events,False,tcg,#4169E1,3,0.0,Neutral,43.02,STEADY,38.21,LOW PRIORITY - Track for Changes,3.0,0.0,300.0,0.0,3,8,Collectible product or theme,Monitor and curate relevant listings
store policy,Store Policy,False,pokemon,#FFCB05,7,1.0,Very Positive,52.36,RISING,73.45,HIGH PRIORITY - Curate Listings,7.0,0.0,700.0,100.0,7,3,Collectible product or theme,Monitor and curate relevant listings
strategy,Strategy,False,gaming,#9932CC,2,0.0,Neutral,50.69,RISING,45.27,MONITOR - Emerging Opportunity,2.0,0.0,200.0,0.0,2,3,Collectible product or theme,Monitor and curate relevant listings
subscription boxes,Subscription Boxes,False,general,#808080,1,1.0,Very Positive,50.35,RISING,72.64,HIGH PRIORITY - Curate Listings,1.0,0.0,100.0,100.0,1,2,Collectible product or theme,Monitor and curate relevant listings
subset rarity,Subset Rarity,False,general,#808080,1,2.0,Very Positive,50.35,RISING,58.14,MONITOR - Emerging Opportunity,1.0,0.0,100.0,0.0,1,6,Collectible product or theme,Monitor and curate relevant listings
supply,Supply,False,tcg,#4169E1,2,0.0,Neutral,50.69,RISING,43.27,MONITOR - Emerging Opportunity,2.0,0.0,200.0,0.0,2,5,Collectible product or theme,Monitor and curate relevant listings
sustainability,Sustainability,False,basketball,#FF6600,3,1.0,Very Positive,51.02,RISING,52.91,MONITOR - Emerging Opportunity,3.0,0.0,300.0,0.0,3,2,Collectible product or theme,Monitor and curate relevant listings
theft,Theft,False,pokemon,#FFCB05,1,-2.0,Very Negative,50.35,RISING,28.14,LOW PRIORITY - Track for Changes,1.0,0.0,100.0,0.0,1,5,Collectible product or theme,Monitor and curate relevant listings
tournament legality,Tournament Legality,False,tcg,#4169E1,4,0.0,Neutral,43.36,STEADY,58.34,MONITOR - Emerging Opportunity,4.0,0.0,400.0,100.0,4,8,Collectible product or theme,Monitor and curate relevant listings
tournament rules,Tournament Rules,False,general,#808080,1,0.0,Neutral,40.35,STEADY,39.14,LOW PRIORITY - Track for Changes,1.0,0.0,100.0,0.0,0,5,Collectible product or theme,Monitor and curate relevant listings
tournament structure,Tournament Structure,False,tcg,#4169E1,3,0.0,Neutral,43.02,STEADY,38.21,LOW PRIORITY - Track for Changes,3.0,0.0,300.0,0.0,3,8,Collectible product or theme,Monitor and curate relevant listings
toys,Toys,False,tcg,#4169E1,20,0.35,Positive,50.22,RISING,47.71,MONITOR - Emerging Opportunity,20.0,0.0,2000.0,0.0,7,3,Collectible product or theme,Monitor and curate relevant listings
trading,Trading,False,pokemon,#FFCB05,14,0.71,Very Positive,53.28,RISING,65.96,HIGH PRIORITY - Curate Listings,14.0,0.0,1400.0,71.43,12,3,Collectible product or theme,Monitor and curate relevant listings
trading cards,Football - Trading Card Activity,True,trading_card,#808080,46,0.22,Positive,58.23,RISING,52.97,MONITOR - Emerging Opportunity,43.0,3.0,1000.0,15.22,46,2,Collectible product or theme,Monitor and curate relevant listings
transaction advice,Transaction Advice,False,soccer,#00AA00,1,0.0,Neutral,42.35,STEADY,57.94,MONITOR - Emerging Opportunity,1.0,0.0,100.0,100.0,1,10,Collectible product or theme,Monitor and curate relevant listings
travel,Travel,False,travel,#808080,14,0.43,Positive,54.71,RISING,70.1,HIGH PRIORITY - Curate Listings,14.0,0.0,1400.0,100.0,14,2,Collectible product or theme,Monitor and curate relevant listings
tutorial,Tutorial,False,general,#808080,3,1.0,Very Positive,51.02,RISING,70.91,HIGH PRIORITY - Curate Listings,3.0,0.0,300.0,100.0,3,7,Collectible product or theme,Monitor and curate relevant listings
user_experience,User_Experience,False,general,#808080,3,-1.0,Very Negative,41.02,STEADY,51.91,MONITOR - Emerging Opportunity,3.0,0.0,300.0,100.0,0,6,Collectible product or theme,Monitor and curate relevant listings
valuation,Valuation,False,pokemon,#FFCB05,6,1.0,Very Positive,52.03,RISING,67.98,HIGH PRIORITY - Curate Listings,6.0,0.0,600.0,83.33,6,6,Collectible product or theme,Monitor and curate relevant listings
value,Value,False,pokemon,#FFCB05,1,1.0,Very Positive,42.35,STEADY,65.44,HIGH PRIORITY - Curate Listings,1.0,0.0,100.0,100.0,1,9,Collectible product or theme,Monitor and curate relevant listings
verification,Verification,False,pokemon,#FFCB05,1,0.0,Neutral,50.35,RISING,63.14,HIGH PRIORITY - Curate Listings,1.0,0.0,100.0,100.0,1,6,Collectible product or theme,Monitor and curate relevant listings
vintage cards,Vintage Cards,False,pokemon,#FFCB05,10,1.0,Very Positive,52.37,RISING,65.45,HIGH PRIORITY - Curate Listings,10.0,0.0,1000.0,60.0,9,2,Vintage and classic card discussions,Curate vintage and classic collections
vintage collecting,Vintage Collecting,False,magic_the_gathering,#000000,1,0.0,Neutral,42.35,STEADY,57.94,MONITOR - Emerging Opportunity,1.0,0.0,100.0,100.0,1,10,Collectible product or theme,Monitor and curate relevant listings
vintage magazines,Vintage Magazines,False,general,#808080,1,1.0,Very Positive,40.35,STEADY,66.64,HIGH PRIORITY - Curate Listings,1.0,0.0,100.0,100.0,0,6,Collectible product or theme,Monitor and curate relevant listings
vintage_cards,Vintage_Cards,False,baseball,#C41E3A,1,0.0,Neutral,42.35,STEADY,37.94,LOW PRIORITY - Track for Changes,1.0,0.0,100.0,0.0,1,9,Collectible product or theme,Monitor and curate relevant listings
